传感器,开始,结束,点数,持续小时,冻结值,判读
2018/flows:PUMP_1,2018-01-06 05:05:00,2018-01-07 00:25:00,233,19.4,0.0,正常停机
2018/flows:PUMP_1,2018-01-10 18:35:00,2018-01-11 12:05:00,211,17.6,0.0,正常停机
2018/flows:PUMP_1,2018-01-09 13:25:00,2018-01-10 06:45:00,209,17.4,0.0,正常停机
2018/flows:PUMP_1,2018-01-05 02:50:00,2018-01-05 19:50:00,205,17.1,0.0,正常停机
2018/flows:PUMP_1,2018-01-03 02:05:00,2018-01-03 18:15:00,195,16.2,0.0,正常停机
2018/flows:PUMP_1,2018-01-11 23:40:00,2018-01-12 15:45:00,194,16.2,0.0,正常停机
2018/flows:PUMP_1,2018-01-07 09:00:00,2018-01-08 01:00:00,193,16.1,0.0,正常停机
2018/flows:PUMP_1,2018-01-14 04:00:00,2018-01-14 19:55:00,192,16.0,0.0,正常停机
2018/flows:PUMP_1,2018-01-13 02:10:00,2018-01-13 17:35:00,186,15.5,0.0,正常停机
2018/flows:PUMP_1,2018-01-16 02:50:00,2018-01-16 17:30:00,177,14.8,0.0,正常停机
2018/flows:PUMP_1,2018-01-19 02:40:00,2018-01-19 17:25:00,178,14.8,0.0,正常停机
2018/flows:PUMP_1,2018-01-08 10:20:00,2018-01-09 00:55:00,176,14.7,0.0,正常停机
2018/flows:PUMP_1,2018-01-01 02:10:00,2018-01-01 16:10:00,169,14.1,0.0,正常停机
2018/flows:PUMP_1,2018-01-21 03:30:00,2018-01-21 17:25:00,168,14.0,0.0,正常停机
2018/flows:PUMP_1,2018-01-17 04:10:00,2018-01-17 18:00:00,167,13.9,0.0,正常停机
2018/flows:PUMP_1,2018-01-04 03:25:00,2018-01-04 17:15:00,167,13.9,0.0,正常停机
2019/flows:PUMP_1,2019-01-06 04:20:00,2019-01-06 17:45:00,162,13.5,0.0,正常停机
2018/flows:PUMP_1,2018-01-27 03:10:00,2018-01-27 16:25:00,160,13.3,0.0,正常停机
2018/flows:PUMP_1,2018-12-15 04:00:00,2018-12-15 17:10:00,159,13.2,0.0,正常停机
2019/flows:PUMP_1,2019-01-27 03:15:00,2019-01-27 16:25:00,159,13.2,0.0,正常停机
2018/flows:PUMP_1,2018-03-03 03:45:00,2018-03-03 16:55:00,159,13.2,0.0,正常停机
2018/flows:PUMP_1,2018-02-10 03:45:00,2018-02-10 16:45:00,157,13.1,0.0,正常停机
2018/flows:PUMP_1,2018-12-22 03:05:00,2018-12-22 16:00:00,156,13.0,0.0,正常停机
2018/flows:PUMP_1,2018-12-01 03:50:00,2018-12-01 16:45:00,156,13.0,0.0,正常停机
2018/flows:PUMP_1,2018-02-03 04:20:00,2018-02-03 17:10:00,155,12.9,0.0,正常停机
2018/flows:PUMP_1,2018-03-17 04:45:00,2018-03-17 17:25:00,153,12.8,0.0,正常停机
2019/flows:PUMP_1,2019-02-03 04:25:00,2019-02-03 17:10:00,154,12.8,0.0,正常停机
2018/flows:PUMP_1,2018-04-14 03:10:00,2018-04-14 15:50:00,153,12.8,0.0,正常停机
2018/flows:PUMP_1,2018-01-02 02:35:00,2018-01-02 15:05:00,151,12.6,0.0,正常停机
2018/flows:PUMP_1,2018-03-10 04:55:00,2018-03-10 17:25:00,151,12.6,0.0,正常停机
2019/flows:PUMP_1,2019-01-05 02:50:00,2019-01-05 15:20:00,151,12.6,0.0,正常停机
2018/flows:PUMP_1,2018-12-29 03:25:00,2018-12-29 15:55:00,151,12.6,0.0,正常停机
2018/flows:PUMP_1,2018-02-24 04:10:00,2018-02-24 16:35:00,150,12.5,0.0,正常停机
2019/flows:PUMP_1,2019-02-10 03:45:00,2019-02-10 16:10:00,150,12.5,0.0,正常停机
2018/flows:PUMP_1,2018-02-17 03:45:00,2018-02-17 16:10:00,150,12.5,0.0,正常停机
2018/flows:PUMP_1,2018-12-14 02:50:00,2018-12-14 15:10:00,149,12.4,0.0,正常停机
2019/flows:PUMP_1,2019-01-19 03:10:00,2019-01-19 15:25:00,148,12.3,0.0,正常停机
2018/flows:PUMP_1,2018-04-28 03:50:00,2018-04-28 16:00:00,147,12.2,0.0,正常停机
2019/flows:PUMP_1,2019-01-21 03:40:00,2019-01-21 15:50:00,147,12.2,0.0,正常停机
2018/flows:PUMP_1,2018-01-15 04:40:00,2018-01-15 16:45:00,146,12.2,0.0,正常停机
2018/flows:PUMP_1,2018-09-15 04:15:00,2018-09-15 16:20:00,146,12.2,0.0,正常停机
2018/flows:PUMP_1,2018-10-20 03:40:00,2018-10-20 15:45:00,146,12.2,0.0,正常停机
2018/flows:PUMP_1,2018-11-03 04:40:00,2018-11-03 16:50:00,147,12.2,0.0,正常停机
2018/flows:PUMP_1,2018-10-13 04:05:00,2018-10-13 16:10:00,146,12.2,0.0,正常停机
2018/flows:PUMP_1,2018-05-05 03:55:00,2018-05-05 15:55:00,145,12.1,0.0,正常停机
2018/flows:PUMP_1,2018-01-26 02:25:00,2018-01-26 14:25:00,145,12.1,0.0,正常停机
2019/flows:PUMP_1,2019-01-14 03:50:00,2019-01-14 15:50:00,145,12.1,0.0,正常停机
2019/flows:PUMP_1,2019-01-26 02:30:00,2019-01-26 14:25:00,144,12.0,0.0,正常停机
2018/flows:PUMP_1,2018-02-09 02:35:00,2018-02-09 14:30:00,144,12.0,0.0,正常停机
2019/flows:PUMP_1,2019-02-09 02:35:00,2019-02-09 14:30:00,144,12.0,0.0,正常停机
2019/flows:PUMP_1,2019-02-23 21:50:00,2019-02-24 09:45:00,144,12.0,0.0,正常停机
2018/flows:PUMP_1,2018-11-10 04:15:00,2018-11-10 16:10:00,144,12.0,0.0,正常停机
2018/flows:PUMP_1,2018-02-18 03:50:00,2018-02-18 15:40:00,143,11.9,0.0,正常停机
2019/flows:PUMP_1,2019-02-16 22:05:00,2019-02-17 09:50:00,142,11.8,0.0,正常停机
2018/flows:PUMP_1,2018-01-23 03:30:00,2018-01-23 15:15:00,142,11.8,0.0,正常停机
2019/flows:PUMP_1,2019-01-10 03:25:00,2019-01-10 15:05:00,141,11.8,0.0,正常停机
2018/flows:PUMP_1,2018-05-12 04:30:00,2018-05-12 16:15:00,142,11.8,0.0,正常停机
2018/flows:PUMP_1,2018-01-18 03:55:00,2018-01-18 15:35:00,141,11.8,0.0,正常停机
2018/flows:PUMP_1,2018-03-24 05:05:00,2018-03-24 16:50:00,142,11.8,0.0,正常停机
2019/flows:PUMP_1,2019-02-02 02:55:00,2019-02-02 14:30:00,140,11.7,0.0,正常停机
2018/flows:PUMP_1,2018-12-25 02:30:00,2018-12-25 14:05:00,140,11.7,0.0,正常停机
2018/flows:PUMP_1,2018-12-23 03:50:00,2018-12-23 15:25:00,140,11.7,0.0,正常停机
2018/flows:PUMP_1,2018-10-27 04:05:00,2018-10-27 15:40:00,140,11.7,0.0,正常停机
2019/flows:PUMP_1,2019-01-16 02:55:00,2019-01-16 14:30:00,140,11.7,0.0,正常停机
2018/flows:PUMP_1,2018-05-19 04:15:00,2018-05-19 15:50:00,140,11.7,0.0,正常停机
2018/flows:PUMP_1,2018-06-02 05:25:00,2018-06-02 17:00:00,140,11.7,0.0,正常停机
2018/flows:PUMP_1,2018-02-02 02:55:00,2018-02-02 14:30:00,140,11.7,0.0,正常停机
2018/flows:PUMP_1,2018-10-06 04:30:00,2018-10-06 16:00:00,139,11.6,0.0,正常停机
2018/flows:PUMP_1,2018-01-28 04:50:00,2018-01-28 16:20:00,139,11.6,0.0,正常停机
2018/flows:PUMP_1,2018-02-16 04:10:00,2018-02-16 15:40:00,139,11.6,0.0,正常停机
2018/flows:PUMP_1,2018-12-07 03:35:00,2018-12-07 15:05:00,139,11.6,0.0,正常停机
2019/flows:PUMP_1,2019-04-14 00:35:00,2019-04-14 12:00:00,138,11.5,0.0,正常停机
2018/flows:PUMP_1,2018-12-08 04:25:00,2018-12-08 15:50:00,138,11.5,0.0,正常停机
2019/flows:PUMP_1,2019-01-28 04:55:00,2019-01-28 16:20:00,138,11.5,0.0,正常停机
2018/flows:PUMP_1,2018-03-04 04:45:00,2018-03-04 16:10:00,138,11.5,0.0,正常停机
2018/flows:PUMP_1,2018-12-28 03:45:00,2018-12-28 15:10:00,138,11.5,0.0,正常停机
2019/flows:PUMP_1,2019-04-27 20:10:00,2019-04-28 07:30:00,137,11.4,0.0,正常停机
2019/flows:PUMP_1,2019-01-03 03:35:00,2019-01-03 14:55:00,137,11.4,0.0,正常停机
2018/flows:PUMP_1,2018-08-25 05:35:00,2018-08-25 16:55:00,137,11.4,0.0,正常停机
2018/flows:PUMP_1,2018-02-23 04:25:00,2018-02-23 15:40:00,136,11.3,0.0,正常停机
2018/flows:PUMP_1,2018-04-21 05:00:00,2018-04-21 16:15:00,136,11.3,0.0,正常停机
2018/flows:PUMP_1,2018-05-26 05:50:00,2018-05-26 17:05:00,136,11.3,0.0,正常停机
2018/flows:PUMP_1,2018-11-09 03:25:00,2018-11-09 14:40:00,136,11.3,0.0,正常停机
2018/flows:PUMP_1,2018-04-27 03:05:00,2018-04-27 14:20:00,136,11.3,0.0,正常停机
2018/flows:PUMP_1,2018-03-23 03:40:00,2018-03-23 14:55:00,136,11.3,0.0,正常停机
2018/flows:PUMP_1,2018-01-20 04:20:00,2018-01-20 15:35:00,136,11.3,0.0,正常停机
2018/flows:PUMP_1,2018-03-02 03:45:00,2018-03-02 15:00:00,136,11.3,0.0,正常停机
2018/flows:PUMP_1,2018-09-28 03:35:00,2018-09-28 14:40:00,134,11.2,0.0,正常停机
2018/flows:PUMP_1,2018-12-30 03:40:00,2018-12-30 14:45:00,134,11.2,0.0,正常停机
2018/flows:PUMP_1,2018-01-22 03:45:00,2018-01-22 14:50:00,134,11.2,0.0,正常停机
2019/flows:PUMP_1,2019-04-05 20:30:00,2019-04-06 07:35:00,134,11.2,0.0,正常停机
2018/flows:PUMP_1,2018-01-30 03:30:00,2018-01-30 14:35:00,134,11.2,0.0,正常停机
2019/flows:PUMP_1,2019-05-18 18:45:00,2019-05-19 05:50:00,134,11.2,0.0,正常停机
2018/flows:PUMP_1,2018-11-30 03:05:00,2018-11-30 14:15:00,135,11.2,0.0,正常停机
2018/flows:PUMP_1,2018-11-23 03:45:00,2018-11-23 14:50:00,134,11.2,0.0,正常停机
2019/flows:PUMP_1,2019-01-07 04:40:00,2019-01-07 15:45:00,134,11.2,0.0,正常停机
2018/flows:PUMP_1,2018-06-09 05:45:00,2018-06-09 16:50:00,134,11.2,0.0,正常停机
2019/flows:PUMP_1,2019-01-12 03:45:00,2019-01-12 14:50:00,134,11.2,0.0,正常停机
2018/flows:PUMP_1,2018-04-20 03:25:00,2018-04-20 14:35:00,135,11.2,0.0,正常停机
2019/flows:PUMP_1,2019-01-23 03:45:00,2019-01-23 14:50:00,134,11.2,0.0,正常停机
2018/flows:PUMP_1,2018-12-18 02:40:00,2018-12-18 13:45:00,134,11.2,0.0,正常停机
2018/flows:PUMP_1,2018-12-26 03:05:00,2018-12-26 14:10:00,134,11.2,0.0,正常停机
2019/flows:PUMP_1,2019-01-17 04:05:00,2019-01-17 15:05:00,133,11.1,0.0,正常停机
2019/flows:PUMP_1,2019-01-30 03:35:00,2019-01-30 14:35:00,133,11.1,0.0,正常停机
2018/flows:PUMP_1,2018-02-06 03:05:00,2018-02-06 14:00:00,132,11.0,0.0,正常停机
2018/flows:PUMP_1,2018-08-18 05:45:00,2018-08-18 16:40:00,132,11.0,0.0,正常停机
2019/flows:PUMP_1,2019-02-06 03:05:00,2019-02-06 14:00:00,132,11.0,0.0,正常停机
2018/flows:PUMP_1,2018-03-30 04:35:00,2018-03-30 15:25:00,131,10.9,0.0,正常停机
2018/flows:PUMP_1,2018-12-21 03:25:00,2018-12-21 14:15:00,131,10.9,0.0,正常停机
2018/flows:PUMP_1,2018-09-29 04:30:00,2018-09-29 15:20:00,131,10.9,0.0,正常停机
2018/flows:PUMP_1,2018-10-21 04:10:00,2018-10-21 15:00:00,131,10.9,0.0,正常停机
2018/flows:PUMP_1,2018-04-06 03:50:00,2018-04-06 14:30:00,129,10.8,0.0,正常停机
2019/flows:PUMP_1,2019-01-11 03:10:00,2019-01-11 13:55:00,130,10.8,0.0,正常停机
2019/flows:PUMP_1,2019-01-08 03:35:00,2019-01-08 14:20:00,130,10.8,0.0,正常停机
2018/flows:PUMP_1,2018-12-12 03:05:00,2018-12-12 13:50:00,130,10.8,0.0,正常停机
2018/flows:PUMP_1,2018-09-14 03:40:00,2018-09-14 14:25:00,130,10.8,0.0,正常停机
2018/flows:PUMP_1,2018-10-19 03:45:00,2018-10-19 14:25:00,129,10.8,0.0,正常停机
2018/flows:PUMP_1,2018-10-28 03:55:00,2018-10-28 14:40:00,130,10.8,0.0,正常停机
2018/flows:PUMP_1,2018-11-11 04:20:00,2018-11-11 15:05:00,130,10.8,0.0,正常停机
2019/flows:PUMP_1,2019-02-12 22:30:00,2019-02-13 09:15:00,130,10.8,0.0,正常停机
2018/flows:PUMP_1,2018-09-22 05:30:00,2018-09-22 16:05:00,128,10.7,0.0,正常停机
2018/flows:PUMP_1,2018-04-25 03:25:00,2018-04-25 14:00:00,128,10.7,0.0,正常停机
2019/flows:PUMP_1,2019-01-13 03:45:00,2019-01-13 14:20:00,128,10.7,0.0,正常停机
2018/flows:PUMP_1,2018-05-06 04:15:00,2018-05-06 14:50:00,128,10.7,0.0,正常停机
2018/flows:PUMP_1,2018-04-01 04:20:00,2018-04-01 14:55:00,128,10.7,0.0,正常停机
2018/flows:PUMP_1,2018-11-16 03:40:00,2018-11-16 14:15:00,128,10.7,0.0,正常停机
2018/flows:PUMP_1,2018-09-21 04:10:00,2018-09-21 14:45:00,128,10.7,0.0,正常停机
2018/flows:PUMP_1,2018-02-25 05:25:00,2018-02-25 16:00:00,128,10.7,0.0,正常停机
2018/flows:PUMP_1,2018-02-21 03:05:00,2018-02-21 13:40:00,128,10.7,0.0,正常停机
2019/flows:PUMP_1,2019-02-05 03:50:00,2019-02-05 14:20:00,127,10.6,0.0,正常停机
2018/flows:PUMP_1,2018-02-05 03:50:00,2018-02-05 14:20:00,127,10.6,0.0,正常停机
2018/flows:PUMP_1,2018-04-24 03:10:00,2018-04-24 13:40:00,127,10.6,0.0,正常停机
2018/flows:PUMP_1,2018-05-18 04:20:00,2018-05-18 14:50:00,127,10.6,0.0,正常停机
2018/flows:PUMP_1,2018-11-04 04:35:00,2018-11-04 15:00:00,126,10.5,0.0,正常停机
2018/flows:PUMP_1,2018-11-25 04:50:00,2018-11-25 15:15:00,126,10.5,0.0,正常停机
2018/flows:PUMP_1,2018-05-20 04:40:00,2018-05-20 15:05:00,126,10.5,0.0,正常停机
2018/flows:PUMP_1,2018-09-07 04:15:00,2018-09-07 14:40:00,126,10.5,0.0,正常停机
2018/flows:PUMP_1,2018-09-02 05:05:00,2018-09-02 15:25:00,125,10.4,0.0,正常停机
2018/flows:PUMP_1,2018-08-24 04:15:00,2018-08-24 14:35:00,125,10.4,0.0,正常停机
2018/flows:PUMP_1,2018-03-25 04:45:00,2018-03-25 15:05:00,125,10.4,0.0,正常停机
2018/flows:PUMP_1,2018-04-15 04:50:00,2018-04-15 15:10:00,125,10.4,0.0,正常停机
2018/flows:PUMP_1,2018-12-11 02:55:00,2018-12-11 13:15:00,125,10.4,0.0,正常停机
2018/flows:PUMP_1,2018-02-13 03:20:00,2018-02-13 13:40:00,125,10.4,0.0,正常停机
2019/flows:PUMP_1,2019-03-23 01:50:00,2019-03-23 12:10:00,125,10.4,0.0,正常停机
2019/flows:PUMP_1,2019-06-20 19:55:00,2019-06-21 06:15:00,125,10.4,0.0,正常停机
2018/flows:PUMP_1,2018-11-18 03:40:00,2018-11-18 14:00:00,125,10.4,0.0,正常停机
2018/flows:PUMP_1,2018-12-04 03:25:00,2018-12-04 13:45:00,125,10.4,0.0,正常停机
2019/flows:PUMP_1,2019-01-04 03:15:00,2019-01-04 13:35:00,125,10.4,0.0,正常停机
2018/flows:PUMP_1,2018-04-17 03:50:00,2018-04-17 14:05:00,124,10.3,0.0,正常停机
2018/flows:PUMP_1,2018-12-02 04:45:00,2018-12-02 15:00:00,124,10.3,0.0,正常停机
2019/flows:PUMP_1,2019-01-22 03:30:00,2019-01-22 13:45:00,124,10.3,0.0,正常停机
2018/flows:PUMP_1,2018-05-08 03:30:00,2018-05-08 13:45:00,124,10.3,0.0,正常停机
2019/flows:PUMP_1,2019-01-01 03:40:00,2019-01-01 13:55:00,124,10.3,0.0,正常停机
2019/flows:PUMP_1,2019-06-10 19:45:00,2019-06-11 06:00:00,124,10.3,0.0,正常停机
2018/flows:PUMP_1,2018-10-09 03:20:00,2018-10-09 13:35:00,124,10.3,0.0,正常停机
2019/flows:PUMP_1,2019-02-18 02:50:00,2019-02-18 13:05:00,124,10.3,0.0,正常停机
2018/flows:PUMP_1,2018-01-29 04:10:00,2018-01-29 14:15:00,122,10.2,0.0,正常停机
2018/flows:PUMP_1,2018-02-27 04:35:00,2018-02-27 14:40:00,122,10.2,0.0,正常停机
2019/flows:PUMP_1,2019-01-29 04:15:00,2019-01-29 14:20:00,122,10.2,0.0,正常停机
2018/flows:PUMP_1,2018-03-01 02:55:00,2018-03-01 13:00:00,122,10.2,0.0,正常停机
2019/flows:PUMP_1,2019-05-28 20:45:00,2019-05-29 06:55:00,123,10.2,0.0,正常停机
2018/flows:PUMP_1,2018-04-03 03:35:00,2018-04-03 13:45:00,123,10.2,0.0,正常停机
2018/flows:PUMP_1,2018-05-04 05:00:00,2018-05-04 15:10:00,123,10.2,0.0,正常停机
2018/flows:PUMP_1,2018-05-01 03:35:00,2018-05-01 13:45:00,123,10.2,0.0,正常停机
2018/flows:PUMP_1,2018-04-08 04:30:00,2018-04-08 14:40:00,123,10.2,0.0,正常停机
2018/flows:PUMP_1,2018-03-14 03:15:00,2018-03-14 13:25:00,123,10.2,0.0,正常停机
2019/flows:PUMP_1,2019-03-09 20:50:00,2019-03-10 06:55:00,122,10.2,0.0,正常停机
2018/flows:PUMP_1,2018-06-30 04:40:00,2018-06-30 14:45:00,122,10.2,0.0,正常停机
2018/flows:PUMP_1,2018-10-31 03:30:00,2018-10-31 13:35:00,122,10.2,0.0,正常停机
2018/flows:PUMP_1,2018-06-08 04:30:00,2018-06-08 14:40:00,123,10.2,0.0,正常停机
2018/flows:PUMP_1,2018-12-19 03:25:00,2018-12-19 13:30:00,122,10.2,0.0,正常停机
2018/flows:PUMP_1,2018-10-24 03:50:00,2018-10-24 14:00:00,123,10.2,0.0,正常停机
2018/flows:PUMP_1,2018-11-19 03:05:00,2018-11-19 13:15:00,123,10.2,0.0,正常停机
2018/flows:PUMP_1,2018-10-10 03:50:00,2018-10-10 13:55:00,122,10.2,0.0,正常停机
2019/flows:PUMP_1,2019-01-15 03:35:00,2019-01-15 13:40:00,122,10.2,0.0,正常停机
2018/flows:PUMP_1,2018-05-11 05:15:00,2018-05-11 15:20:00,122,10.2,0.0,正常停机
2018/flows:PUMP_1,2018-02-12 04:05:00,2018-02-12 14:05:00,121,10.1,0.0,正常停机
2018/flows:PUMP_1,2018-08-19 04:40:00,2018-08-19 14:40:00,121,10.1,0.0,正常停机
2018/flows:PUMP_1,2018-02-08 03:00:00,2018-02-08 13:00:00,121,10.1,0.0,正常停机
2018/flows:PUMP_1,2018-02-19 04:30:00,2018-02-19 14:30:00,121,10.1,0.0,正常停机
2019/flows:PUMP_1,2019-06-30 22:25:00,2019-07-01 08:25:00,121,10.1,0.0,正常停机
2019/flows:PUMP_1,2019-05-06 18:10:00,2019-05-07 04:10:00,121,10.1,0.0,正常停机
2018/flows:PUMP_1,2018-07-08 16:40:00,2018-07-09 02:40:00,121,10.1,0.0,正常停机
2018/flows:PUMP_1,2018-10-30 03:45:00,2018-10-30 13:45:00,121,10.1,0.0,正常停机
2018/flows:PUMP_1,2018-10-23 04:55:00,2018-10-23 14:55:00,121,10.1,0.0,正常停机
2019/flows:PUMP_1,2019-02-08 03:00:00,2019-02-08 12:55:00,120,10.0,0.0,正常停机
2019/flows:PUMP_1,2019-02-28 00:10:00,2019-02-28 10:05:00,120,10.0,0.0,正常停机
2019/flows:PUMP_1,2019-03-05 21:15:00,2019-03-06 07:10:00,120,10.0,0.0,正常停机
2019/flows:PUMP_1,2019-06-04 20:30:00,2019-06-05 06:25:00,120,10.0,0.0,正常停机
2019/flows:PUMP_1,2019-06-02 04:45:00,2019-06-02 14:40:00,120,10.0,0.0,正常停机
2019/flows:PUMP_1,2019-05-20 02:15:00,2019-05-20 12:10:00,120,10.0,0.0,正常停机
2018/flows:PUMP_1,2018-02-14 04:15:00,2018-02-14 14:10:00,120,10.0,0.0,正常停机
2019/flows:PUMP_1,2019-03-11 01:15:00,2019-03-11 11:10:00,120,10.0,0.0,正常停机
2019/flows:PUMP_1,2019-03-19 21:45:00,2019-03-20 07:40:00,120,10.0,0.0,正常停机
2018/flows:PUMP_1,2018-04-13 03:20:00,2018-04-13 13:15:00,120,10.0,0.0,正常停机
2019/flows:PUMP_1,2019-01-18 03:35:00,2019-01-18 13:30:00,120,10.0,0.0,正常停机
2018/flows:PUMP_1,2018-10-29 03:45:00,2018-10-29 13:40:00,120,10.0,0.0,正常停机
2018/flows:PUMP_1,2018-10-07 04:30:00,2018-10-07 14:25:00,120,10.0,0.0,正常停机
2018/flows:PUMP_1,2018-10-05 05:35:00,2018-10-05 15:30:00,120,10.0,0.0,正常停机
2018/flows:PUMP_1,2018-02-01 03:55:00,2018-02-01 13:45:00,119,9.9,0.0,正常停机
2018/flows:PUMP_1,2018-03-07 03:30:00,2018-03-07 13:20:00,119,9.9,0.0,正常停机
2019/flows:PUMP_1,2019-02-07 03:15:00,2019-02-07 13:05:00,119,9.9,0.0,正常停机
2019/flows:PUMP_1,2019-04-01 23:45:00,2019-04-02 09:35:00,119,9.9,0.0,正常停机
2019/flows:PUMP_1,2019-03-15 23:50:00,2019-03-16 09:40:00,119,9.9,0.0,正常停机
2019/flows:PUMP_1,2019-02-01 04:00:00,2019-02-01 13:50:00,119,9.9,0.0,正常停机
2019/flows:PUMP_1,2019-04-10 23:20:00,2019-04-11 09:10:00,119,9.9,0.0,正常停机
2018/flows:PUMP_1,2018-06-15 05:15:00,2018-06-15 15:05:00,119,9.9,0.0,正常停机
2018/flows:PUMP_1,2018-06-22 04:40:00,2018-06-22 14:30:00,119,9.9,0.0,正常停机
2018/flows:PUMP_1,2018-11-08 03:05:00,2018-11-08 12:55:00,119,9.9,0.0,正常停机
2018/flows:PUMP_1,2018-02-07 03:15:00,2018-02-07 13:05:00,119,9.9,0.0,正常停机
2019/flows:PUMP_1,2019-03-03 06:30:00,2019-03-03 16:20:00,119,9.9,0.0,正常停机
2018/flows:PUMP_1,2018-11-21 03:35:00,2018-11-21 13:15:00,117,9.8,0.0,正常停机
2018/flows:PUMP_1,2018-11-22 03:10:00,2018-11-22 12:50:00,117,9.8,0.0,正常停机
2018/flows:PUMP_1,2018-11-17 04:25:00,2018-11-17 14:05:00,117,9.8,0.0,正常停机
2019/flows:PUMP_1,2019-04-12 16:30:00,2019-04-13 02:15:00,118,9.8,0.0,正常停机
2018/flows:PUMP_1,2018-11-24 04:45:00,2018-11-24 14:25:00,117,9.8,0.0,正常停机
2018/flows:PUMP_1,2018-07-18 20:20:00,2018-07-19 06:05:00,118,9.8,0.0,正常停机
2018/flows:PUMP_1,2018-05-13 05:50:00,2018-05-13 15:35:00,118,9.8,0.0,正常停机
2018/flows:PUMP_1,2018-11-01 03:35:00,2018-11-01 13:15:00,117,9.8,0.0,正常停机
2019/flows:PUMP_1,2019-06-06 23:05:00,2019-06-07 08:45:00,117,9.8,0.0,正常停机
2018/flows:PUMP_1,2018-06-29 04:20:00,2018-06-29 14:05:00,118,9.8,0.0,正常停机
2018/flows:PUMP_1,2018-10-02 03:50:00,2018-10-02 13:30:00,117,9.8,0.0,正常停机
2018/flows:PUMP_1,2018-06-03 05:00:00,2018-06-03 14:40:00,117,9.8,0.0,正常停机
2018/flows:PUMP_1,2018-02-20 03:20:00,2018-02-20 13:05:00,118,9.8,0.0,正常停机
2018/flows:PUMP_1,2018-12-17 03:05:00,2018-12-17 12:50:00,118,9.8,0.0,正常停机
2018/flows:PUMP_1,2018-03-29 03:25:00,2018-03-29 13:05:00,117,9.8,0.0,正常停机
2018/flows:PUMP_1,2018-08-26 05:05:00,2018-08-26 14:50:00,118,9.8,0.0,正常停机
2018/flows:PUMP_1,2018-03-11 04:50:00,2018-03-11 14:35:00,118,9.8,0.0,正常停机
2018/flows:PUMP_1,2018-03-12 03:30:00,2018-03-12 13:15:00,118,9.8,0.0,正常停机
2018/flows:PUMP_1,2018-04-09 03:25:00,2018-04-09 13:05:00,117,9.8,0.0,正常停机
2018/flows:PUMP_1,2018-03-06 04:35:00,2018-03-06 14:20:00,118,9.8,0.0,正常停机
2018/flows:PUMP_1,2018-10-17 03:55:00,2018-10-17 13:35:00,117,9.8,0.0,正常停机
2018/flows:PUMP_1,2018-11-20 03:25:00,2018-11-20 13:05:00,117,9.8,0.0,正常停机
2019/flows:PUMP_1,2019-05-01 19:05:00,2019-05-02 04:40:00,116,9.7,0.0,正常停机
2018/flows:PUMP_1,2018-10-14 04:35:00,2018-10-14 14:10:00,116,9.7,0.0,正常停机
2019/flows:PUMP_1,2019-05-11 00:15:00,2019-05-11 09:50:00,116,9.7,0.0,正常停机
2018/flows:PUMP_1,2018-10-18 03:35:00,2018-10-18 13:10:00,116,9.7,0.0,正常停机
2018/flows:PUMP_1,2018-12-13 03:15:00,2018-12-13 12:50:00,116,9.7,0.0,正常停机
2018/flows:PUMP_1,2018-09-25 03:40:00,2018-09-25 13:15:00,116,9.7,0.0,正常停机
2018/flows:PUMP_1,2018-07-07 07:45:00,2018-07-07 17:20:00,116,9.7,0.0,正常停机
2018/flows:PUMP_1,2018-07-10 01:40:00,2018-07-10 11:15:00,116,9.7,0.0,正常停机
2018/flows:PUMP_1,2018-12-24 03:40:00,2018-12-24 13:15:00,116,9.7,0.0,正常停机
2019/flows:PUMP_1,2019-01-20 04:25:00,2019-01-20 14:00:00,116,9.7,0.0,正常停机
2018/flows:PUMP_1,2018-09-04 03:45:00,2018-09-04 13:20:00,116,9.7,0.0,正常停机
2018/flows:PUMP_1,2018-03-13 04:05:00,2018-03-13 13:40:00,116,9.7,0.0,正常停机
2018/flows:PUMP_1,2018-11-12 04:10:00,2018-11-12 13:45:00,116,9.7,0.0,正常停机
2018/flows:PUMP_1,2018-08-31 04:10:00,2018-08-31 13:45:00,116,9.7,0.0,正常停机
2019/flows:PUMP_1,2019-04-24 02:00:00,2019-04-24 11:30:00,115,9.6,0.0,正常停机
2019/flows:PUMP_1,2019-06-16 01:05:00,2019-06-16 10:35:00,115,9.6,0.0,正常停机
2018/flows:PUMP_1,2018-10-12 05:25:00,2018-10-12 14:55:00,115,9.6,0.0,正常停机
2018/flows:PUMP_1,2018-02-28 03:35:00,2018-02-28 13:05:00,115,9.6,0.0,正常停机
2018/flows:PUMP_1,2018-04-04 04:40:00,2018-04-04 14:10:00,115,9.6,0.0,正常停机
2018/flows:PUMP_1,2018-04-16 03:50:00,2018-04-16 13:20:00,115,9.6,0.0,正常停机
2018/flows:PUMP_1,2018-04-10 04:15:00,2018-04-10 13:45:00,115,9.6,0.0,正常停机
2018/flows:PUMP_1,2018-11-27 03:45:00,2018-11-27 13:15:00,115,9.6,0.0,正常停机
2019/flows:PUMP_1,2019-11-29 21:10:00,2019-11-30 06:40:00,115,9.6,0.0,正常停机
2018/flows:PUMP_1,2018-09-09 05:20:00,2018-09-09 14:45:00,114,9.5,0.0,正常停机
2018/flows:PUMP_1,2018-09-17 03:30:00,2018-09-17 12:55:00,114,9.5,0.0,正常停机
2018/flows:PUMP_1,2018-12-10 03:10:00,2018-12-10 12:35:00,114,9.5,0.0,正常停机
2018/flows:PUMP_1,2018-04-23 04:10:00,2018-04-23 13:35:00,114,9.5,0.0,正常停机
2018/flows:PUMP_1,2018-01-25 03:40:00,2018-01-25 13:05:00,114,9.5,0.0,正常停机
2018/flows:PUMP_1,2018-10-26 03:45:00,2018-10-26 13:10:00,114,9.5,0.0,正常停机
2018/flows:PUMP_1,2018-09-26 03:55:00,2018-09-26 13:20:00,114,9.5,0.0,正常停机
2018/flows:PUMP_1,2018-10-16 05:10:00,2018-10-16 14:35:00,114,9.5,0.0,正常停机
2018/flows:PUMP_1,2018-05-07 04:20:00,2018-05-07 13:45:00,114,9.5,0.0,正常停机
2018/flows:PUMP_1,2018-09-01 04:35:00,2018-09-01 14:00:00,114,9.5,0.0,正常停机
2019/flows:PUMP_1,2019-06-17 17:00:00,2019-06-18 02:25:00,114,9.5,0.0,正常停机
2019/flows:PUMP_1,2019-07-06 21:25:00,2019-07-07 06:45:00,113,9.4,0.0,正常停机
2018/flows:PUMP_1,2018-03-15 03:30:00,2018-03-15 12:50:00,113,9.4,0.0,正常停机
2018/flows:PUMP_1,2018-04-30 04:30:00,2018-04-30 13:50:00,113,9.4,0.0,正常停机
2018/flows:PUMP_1,2018-04-05 03:45:00,2018-04-05 13:05:00,113,9.4,0.0,正常停机
2019/flows:PUMP_1,2019-03-17 08:20:00,2019-03-17 17:40:00,113,9.4,0.0,正常停机
2018/flows:PUMP_1,2018-07-01 05:00:00,2018-07-01 14:20:00,113,9.4,0.0,正常停机
2018/flows:PUMP_1,2018-09-18 04:00:00,2018-09-18 13:20:00,113,9.4,0.0,正常停机
2019/flows:PUMP_1,2019-04-18 22:55:00,2019-04-19 08:15:00,113,9.4,0.0,正常停机
2018/flows:PUMP_1,2018-11-14 05:00:00,2018-11-14 14:20:00,113,9.4,0.0,正常停机
2019/flows:PUMP_1,2019-05-12 05:15:00,2019-05-12 14:35:00,113,9.4,0.0,正常停机
2018/flows:PUMP_1,2018-05-27 05:10:00,2018-05-27 14:30:00,113,9.4,0.0,正常停机
2019/flows:PUMP_1,2019-01-25 03:50:00,2019-01-25 13:10:00,113,9.4,0.0,正常停机
2018/flows:PUMP_1,2018-12-27 03:05:00,2018-12-27 12:25:00,113,9.4,0.0,正常停机
2019/flows:PUMP_1,2019-02-11 14:40:00,2019-02-11 23:55:00,112,9.3,0.0,正常停机
2018/flows:PUMP_1,2018-03-21 04:55:00,2018-03-21 14:10:00,112,9.3,0.0,正常停机
2018/flows:PUMP_1,2018-05-23 03:50:00,2018-05-23 13:05:00,112,9.3,0.0,正常停机
2018/flows:PUMP_1,2018-03-18 04:50:00,2018-03-18 14:05:00,112,9.3,0.0,正常停机
2019/flows:PUMP_1,2019-03-21 16:30:00,2019-03-22 01:45:00,112,9.3,0.0,正常停机
2019/flows:PUMP_1,2019-03-31 17:05:00,2019-04-01 02:20:00,112,9.3,0.0,正常停机
2019/flows:PUMP_1,2019-05-24 18:40:00,2019-05-25 03:55:00,112,9.3,0.0,正常停机
2019/flows:PUMP_1,2019-04-22 17:20:00,2019-04-23 02:35:00,112,9.3,0.0,正常停机
2018/flows:PUMP_1,2018-12-03 03:35:00,2018-12-03 12:50:00,112,9.3,0.0,正常停机
2018/flows:PUMP_1,2018-11-26 04:00:00,2018-11-26 13:15:00,112,9.3,0.0,正常停机
2019/flows:PUMP_1,2019-07-02 19:00:00,2019-07-03 04:15:00,112,9.3,0.0,正常停机
2018/flows:PUMP_1,2018-11-05 04:00:00,2018-11-05 13:15:00,112,9.3,0.0,正常停机
2018/flows:PUMP_1,2018-05-16 04:00:00,2018-05-16 13:10:00,111,9.2,0.0,正常停机
2019/flows:PUMP_1,2019-10-05 23:55:00,2019-10-06 09:05:00,111,9.2,0.0,正常停机
2018/flows:PUMP_1,2018-07-15 20:25:00,2018-07-16 05:30:00,110,9.2,0.0,正常停机
2018/flows:PUMP_1,2018-09-10 04:00:00,2018-09-10 13:05:00,110,9.2,0.0,正常停机
2018/flows:PUMP_1,2018-04-12 04:35:00,2018-04-12 13:45:00,111,9.2,0.0,正常停机
2018/flows:PUMP_1,2018-05-02 04:45:00,2018-05-02 13:50:00,110,9.2,0.0,正常停机
2018/flows:PUMP_1,2018-04-02 03:30:00,2018-04-02 12:40:00,111,9.2,0.0,正常停机
2019/flows:PUMP_1,2019-03-24 07:00:00,2019-03-24 16:05:00,110,9.2,0.0,正常停机
2019/flows:PUMP_1,2019-05-05 14:40:00,2019-05-05 23:50:00,111,9.2,0.0,正常停机
2018/flows:PUMP_1,2018-11-15 03:40:00,2018-11-15 12:45:00,110,9.2,0.0,正常停机
2018/flows:PUMP_1,2018-03-08 04:20:00,2018-03-08 13:25:00,110,9.2,0.0,正常停机
2018/flows:PUMP_1,2018-03-28 04:45:00,2018-03-28 13:55:00,111,9.2,0.0,正常停机
2019/flows:PUMP_1,2019-02-25 04:30:00,2019-02-25 13:40:00,111,9.2,0.0,正常停机
2018/flows:PUMP_1,2018-05-09 03:50:00,2018-05-09 12:55:00,110,9.2,0.0,正常停机
2019/flows:PUMP_1,2019-04-26 15:35:00,2019-04-27 00:45:00,111,9.2,0.0,正常停机
2018/flows:PUMP_1,2018-12-31 03:15:00,2018-12-31 12:25:00,111,9.2,0.0,正常停机
2018/flows:PUMP_1,2018-10-08 03:50:00,2018-10-08 13:00:00,111,9.2,0.0,正常停机
2019/flows:PUMP_1,2019-05-08 02:55:00,2019-05-08 12:00:00,110,9.2,0.0,正常停机
2018/flows:PUMP_1,2018-06-24 05:25:00,2018-06-24 14:30:00,110,9.2,0.0,正常停机
2019/flows:PUMP_1,2019-12-11 23:20:00,2019-12-12 08:25:00,110,9.2,0.0,正常停机
2019/flows:PUMP_1,2019-06-25 19:10:00,2019-06-26 04:20:00,111,9.2,0.0,正常停机
2019/flows:PUMP_1,2019-07-11 01:10:00,2019-07-11 10:15:00,110,9.2,0.0,正常停机
2019/flows:PUMP_1,2019-01-02 03:30:00,2019-01-02 12:30:00,109,9.1,0.0,正常停机
2018/flows:PUMP_1,2018-03-16 03:50:00,2018-03-16 12:50:00,109,9.1,0.0,正常停机
2018/flows:PUMP_1,2018-09-06 03:40:00,2018-09-06 12:40:00,109,9.1,0.0,正常停机
2019/flows:PUMP_1,2019-11-09 00:30:00,2019-11-09 09:30:00,109,9.1,0.0,正常停机
2018/flows:PUMP_1,2018-01-24 03:50:00,2018-01-24 12:50:00,109,9.1,0.0,正常停机
2019/flows:PUMP_1,2019-05-26 07:20:00,2019-05-26 16:20:00,109,9.1,0.0,正常停机
2018/flows:PUMP_1,2018-04-07 04:40:00,2018-04-07 13:40:00,109,9.1,0.0,正常停机
2019/flows:PUMP_1,2019-05-04 13:55:00,2019-05-04 22:55:00,109,9.1,0.0,正常停机
2018/flows:PUMP_1,2018-03-19 04:25:00,2018-03-19 13:25:00,109,9.1,0.0,正常停机
2018/flows:PUMP_1,2018-03-22 03:45:00,2018-03-22 12:45:00,109,9.1,0.0,正常停机
2018/flows:PUMP_1,2018-03-26 04:10:00,2018-03-26 13:05:00,108,9.0,0.0,正常停机
2018/flows:PUMP_1,2018-07-21 03:00:00,2018-07-21 11:55:00,108,9.0,0.0,正常停机
2019/flows:PUMP_1,2019-02-26 17:30:00,2019-02-27 02:25:00,108,9.0,0.0,正常停机
2019/flows:PUMP_1,2019-03-14 15:30:00,2019-03-15 00:25:00,108,9.0,0.0,正常停机
2018/flows:PUMP_1,2018-12-20 03:20:00,2018-12-20 12:15:00,108,9.0,0.0,正常停机
2018/flows:PUMP_1,2018-05-15 05:30:00,2018-05-15 14:25:00,108,9.0,0.0,正常停机
2019/flows:PUMP_1,2019-06-12 23:50:00,2019-06-13 08:45:00,108,9.0,0.0,正常停机
2019/flows:PUMP_1,2019-12-29 23:40:00,2019-12-30 08:35:00,108,9.0,0.0,正常停机
2018/flows:PUMP_1,2018-08-30 03:45:00,2018-08-30 12:40:00,108,9.0,0.0,正常停机
2019/flows:PUMP_1,2019-02-15 18:25:00,2019-02-16 03:20:00,108,9.0,0.0,正常停机
2019/flows:PUMP_1,2019-05-15 00:40:00,2019-05-15 09:35:00,108,9.0,0.0,正常停机
2018/flows:PUMP_1,2018-06-19 04:15:00,2018-06-19 13:10:00,108,9.0,0.0,正常停机
2018/flows:PUMP_1,2018-05-29 04:55:00,2018-05-29 13:50:00,108,9.0,0.0,正常停机
2018/flows:PUMP_1,2018-10-03 04:15:00,2018-10-03 13:10:00,108,9.0,0.0,正常停机
2019/flows:PUMP_1,2019-12-01 22:55:00,2019-12-02 07:50:00,108,9.0,0.0,正常停机
2018/flows:PUMP_1,2018-11-02 03:55:00,2018-11-02 12:50:00,108,9.0,0.0,正常停机
2019/flows:PUMP_1,2019-12-23 22:10:00,2019-12-24 07:05:00,108,9.0,0.0,正常停机
2018/flows:PUMP_1,2018-08-15 04:05:00,2018-08-15 13:00:00,108,9.0,0.0,正常停机
2018/flows:PUMP_1,2018-05-17 03:40:00,2018-05-17 12:35:00,108,9.0,0.0,正常停机
2018/flows:PUMP_1,2018-08-13 04:00:00,2018-08-13 12:55:00,108,9.0,0.0,正常停机
2018/flows:PUMP_1,2018-09-27 03:55:00,2018-09-27 12:50:00,108,9.0,0.0,正常停机
2018/flows:PUMP_1,2018-06-10 05:20:00,2018-06-10 14:15:00,108,9.0,0.0,正常停机
2018/flows:PUMP_1,2018-12-06 05:05:00,2018-12-06 13:55:00,107,8.9,0.0,正常停机
2018/flows:PUMP_1,2018-07-14 07:25:00,2018-07-14 16:15:00,107,8.9,0.0,正常停机
2018/flows:PUMP_1,2018-09-16 05:20:00,2018-09-16 14:10:00,107,8.9,0.0,正常停机
2019/flows:PUMP_1,2019-01-09 03:30:00,2019-01-09 12:20:00,107,8.9,0.0,正常停机
2018/flows:PUMP_1,2018-09-08 05:10:00,2018-09-08 14:00:00,107,8.9,0.0,正常停机
2018/flows:PUMP_1,2018-11-06 03:50:00,2018-11-06 12:35:00,106,8.8,0.0,正常停机
2018/flows:PUMP_1,2018-09-05 04:05:00,2018-09-05 12:45:00,105,8.8,0.0,正常停机
2019/flows:PUMP_1,2019-09-02 23:10:00,2019-09-03 07:50:00,105,8.8,0.0,正常停机
2019/flows:PUMP_1,2019-03-18 12:25:00,2019-03-18 21:10:00,106,8.8,0.0,正常停机
2019/flows:PUMP_1,2019-03-04 07:05:00,2019-03-04 15:50:00,106,8.8,0.0,正常停机
2019/flows:PUMP_1,2019-01-24 04:05:00,2019-01-24 12:45:00,105,8.8,0.0,正常停机
2018/flows:PUMP_1,2018-05-28 04:15:00,2018-05-28 13:00:00,106,8.8,0.0,正常停机
2018/flows:PUMP_1,2018-05-30 04:10:00,2018-05-30 12:50:00,105,8.8,0.0,正常停机
2018/flows:PUMP_1,2018-04-19 04:40:00,2018-04-19 13:20:00,105,8.8,0.0,正常停机
2018/flows:PUMP_1,2018-11-07 04:15:00,2018-11-07 13:00:00,106,8.8,0.0,正常停机
2018/flows:PUMP_1,2018-10-25 03:35:00,2018-10-25 12:15:00,105,8.8,0.0,正常停机
2018/flows:PUMP_1,2018-10-01 04:45:00,2018-10-01 13:30:00,106,8.8,0.0,正常停机
2019/flows:PUMP_1,2019-08-24 22:35:00,2019-08-25 07:15:00,105,8.8,0.0,正常停机
2018/flows:PUMP_1,2018-05-31 04:00:00,2018-05-31 12:45:00,106,8.8,0.0,正常停机
2018/flows:PUMP_1,2018-06-17 05:25:00,2018-06-17 14:05:00,105,8.8,0.0,正常停机
2018/flows:PUMP_1,2018-11-29 04:05:00,2018-11-29 12:50:00,106,8.8,0.0,正常停机
2018/flows:PUMP_1,2018-12-05 03:45:00,2018-12-05 12:25:00,105,8.8,0.0,正常停机
2018/flows:PUMP_1,2018-06-11 04:20:00,2018-06-11 13:00:00,105,8.8,0.0,正常停机
2018/flows:PUMP_1,2018-06-18 03:40:00,2018-06-18 12:20:00,105,8.8,0.0,正常停机
2019/flows:PUMP_1,2019-06-09 13:10:00,2019-06-09 21:45:00,104,8.7,0.0,正常停机
2018/flows:PUMP_1,2018-07-02 03:50:00,2018-07-02 12:25:00,104,8.7,0.0,正常停机
2019/flows:PUMP_1,2019-07-22 23:40:00,2019-07-23 08:15:00,104,8.7,0.0,正常停机
2019/flows:PUMP_1,2019-09-28 20:25:00,2019-09-29 05:00:00,104,8.7,0.0,正常停机
2019/flows:PUMP_1,2019-10-27 19:00:00,2019-10-28 03:35:00,104,8.7,0.0,正常停机
2019/flows:PUMP_1,2019-11-11 01:20:00,2019-11-11 09:55:00,104,8.7,0.0,正常停机
2018/flows:PUMP_1,2018-12-09 04:35:00,2018-12-09 13:10:00,104,8.7,0.0,正常停机
2019/flows:PUMP_1,2019-04-21 08:45:00,2019-04-21 17:20:00,104,8.7,0.0,正常停机
2018/flows:PUMP_1,2018-03-09 04:20:00,2018-03-09 12:55:00,104,8.7,0.0,正常停机
2019/flows:PUMP_1,2019-03-26 14:50:00,2019-03-26 23:25:00,104,8.7,0.0,正常停机
2018/flows:PUMP_1,2018-06-16 05:30:00,2018-06-16 14:00:00,103,8.6,0.0,正常停机
2019/flows:PUMP_1,2019-04-30 13:40:00,2019-04-30 22:10:00,103,8.6,0.0,正常停机
2019/flows:PUMP_1,2019-04-09 14:50:00,2019-04-09 23:20:00,103,8.6,0.0,正常停机
2019/flows:PUMP_1,2019-04-04 12:30:00,2019-04-04 21:00:00,103,8.6,0.0,正常停机
2019/flows:PUMP_1,2019-03-28 03:40:00,2019-03-28 12:10:00,103,8.6,0.0,正常停机
2018/flows:PUMP_1,2018-04-26 04:00:00,2018-04-26 12:30:00,103,8.6,0.0,正常停机
2019/flows:PUMP_1,2019-03-13 11:00:00,2019-03-13 19:25:00,102,8.5,0.0,正常停机
2019/flows:PUMP_1,2019-12-15 19:15:00,2019-12-16 03:40:00,102,8.5,0.0,正常停机
2018/flows:PUMP_1,2018-09-24 04:50:00,2018-09-24 13:15:00,102,8.5,0.0,正常停机
2019/flows:PUMP_1,2019-12-26 01:30:00,2019-12-26 09:55:00,102,8.5,0.0,正常停机
2019/flows:PUMP_1,2019-06-24 03:45:00,2019-06-24 12:10:00,102,8.5,0.0,正常停机
2019/flows:PUMP_1,2019-07-08 23:10:00,2019-07-09 07:35:00,102,8.5,0.0,正常停机
2018/flows:PUMP_1,2018-09-11 04:10:00,2018-09-11 12:35:00,102,8.5,0.0,正常停机
2019/flows:PUMP_1,2019-02-22 18:20:00,2019-02-23 02:45:00,102,8.5,0.0,正常停机
2018/flows:PUMP_1,2018-06-21 04:15:00,2018-06-21 12:40:00,102,8.5,0.0,正常停机
2018/flows:PUMP_1,2018-11-13 04:00:00,2018-11-13 12:25:00,102,8.5,0.0,正常停机
2018/flows:PUMP_1,2018-06-26 05:20:00,2018-06-26 13:45:00,102,8.5,0.0,正常停机
2019/flows:PUMP_1,2019-05-21 18:45:00,2019-05-22 03:10:00,102,8.5,0.0,正常停机
2018/flows:PUMP_1,2018-08-27 04:35:00,2018-08-27 13:00:00,102,8.5,0.0,正常停机
2018/flows:PUMP_1,2018-08-20 05:15:00,2018-08-20 13:40:00,102,8.5,0.0,正常停机
2019/flows:PUMP_1,2019-05-23 03:20:00,2019-05-23 11:40:00,101,8.4,0.0,正常停机
2018/flows:PUMP_1,2018-02-11 05:10:00,2018-02-11 13:30:00,101,8.4,0.0,正常停机
2019/flows:PUMP_1,2019-02-04 05:15:00,2019-02-04 13:35:00,101,8.4,0.0,正常停机
2018/flows:PUMP_1,2018-07-03 04:55:00,2018-07-03 13:15:00,101,8.4,0.0,正常停机
2018/flows:PUMP_1,2018-02-04 05:15:00,2018-02-04 13:35:00,101,8.4,0.0,正常停机
2019/flows:PUMP_1,2019-05-31 16:05:00,2019-06-01 00:25:00,101,8.4,0.0,正常停机
2019/flows:PUMP_1,2019-03-02 07:00:00,2019-03-02 15:20:00,101,8.4,0.0,正常停机
2019/flows:PUMP_1,2019-10-13 03:30:00,2019-10-13 11:50:00,101,8.4,0.0,正常停机
2018/flows:PUMP_1,2018-06-14 04:05:00,2018-06-14 12:25:00,101,8.4,0.0,正常停机
2018/flows:PUMP_1,2018-06-20 05:20:00,2018-06-20 13:40:00,101,8.4,0.0,正常停机
2018/flows:PUMP_1,2018-08-23 03:55:00,2018-08-23 12:15:00,101,8.4,0.0,正常停机
2019/flows:PUMP_1,2019-04-20 05:55:00,2019-04-20 14:15:00,101,8.4,0.0,正常停机
2019/flows:PUMP_1,2019-04-15 05:40:00,2019-04-15 14:00:00,101,8.4,0.0,正常停机
2019/flows:PUMP_1,2019-04-08 09:30:00,2019-04-08 17:50:00,101,8.4,0.0,正常停机
2018/flows:PUMP_1,2018-08-14 05:15:00,2018-08-14 13:35:00,101,8.4,0.0,正常停机
2019/flows:PUMP_1,2019-10-24 23:05:00,2019-10-25 07:20:00,100,8.3,0.0,正常停机
2019/flows:PUMP_1,2019-03-25 07:50:00,2019-03-25 16:05:00,100,8.3,0.0,正常停机
2019/flows:PUMP_1,2019-04-17 09:50:00,2019-04-17 18:05:00,100,8.3,0.0,正常停机
2019/flows:PUMP_1,2019-05-17 14:15:00,2019-05-17 22:30:00,100,8.3,0.0,正常停机
2019/flows:PUMP_1,2019-05-13 10:15:00,2019-05-13 18:30:00,100,8.3,0.0,正常停机
2018/flows:PUMP_1,2018-11-28 04:00:00,2018-11-28 12:15:00,100,8.3,0.0,正常停机
2018/flows:PUMP_1,2018-06-07 04:10:00,2018-06-07 12:25:00,100,8.3,0.0,正常停机
2019/flows:PUMP_1,2019-09-15 04:25:00,2019-09-15 12:35:00,99,8.2,0.0,正常停机
2018/flows:PUMP_1,2018-09-30 04:30:00,2018-09-30 12:40:00,99,8.2,0.0,正常停机
2019/flows:PUMP_1,2019-12-22 04:20:00,2019-12-22 12:30:00,99,8.2,0.0,正常停机
2018/flows:PUMP_1,2018-03-31 05:05:00,2018-03-31 13:15:00,99,8.2,0.0,正常停机
2018/flows:PUMP_1,2018-08-16 04:15:00,2018-08-16 12:20:00,98,8.2,0.0,正常停机
2018/flows:PUMP_1,2018-05-24 04:50:00,2018-05-24 12:55:00,98,8.2,0.0,正常停机
2019/flows:PUMP_1,2019-06-14 16:25:00,2019-06-15 00:30:00,98,8.2,0.0,正常停机
2018/flows:PUMP_1,2018-06-25 04:05:00,2018-06-25 12:15:00,99,8.2,0.0,正常停机
2018/flows:PUMP_1,2018-10-15 04:05:00,2018-10-15 12:15:00,99,8.2,0.0,正常停机
2018/flows:PUMP_1,2018-10-22 04:10:00,2018-10-22 12:15:00,98,8.2,0.0,正常停机
2019/flows:PUMP_1,2019-05-27 11:05:00,2019-05-27 19:15:00,99,8.2,0.0,正常停机
2018/flows:PUMP_1,2018-06-13 05:50:00,2018-06-13 14:00:00,99,8.2,0.0,正常停机
2019/flows:PUMP_1,2019-06-28 00:50:00,2019-06-28 08:55:00,98,8.2,0.0,正常停机
2018/flows:PUMP_1,2018-07-05 10:50:00,2018-07-05 19:00:00,99,8.2,0.0,正常停机
2019/flows:PUMP_1,2019-03-07 04:10:00,2019-03-07 12:15:00,98,8.2,0.0,正常停机
2019/flows:PUMP_1,2019-10-18 01:35:00,2019-10-18 09:40:00,98,8.2,0.0,正常停机
2018/flows:PUMP_1,2018-01-31 04:05:00,2018-01-31 12:10:00,98,8.2,0.0,正常停机
2019/flows:PUMP_1,2019-07-13 02:35:00,2019-07-13 10:40:00,98,8.2,0.0,正常停机
2018/flows:PUMP_1,2018-07-11 04:55:00,2018-07-11 13:00:00,98,8.2,0.0,正常停机
2018/flows:PUMP_1,2018-10-11 04:00:00,2018-10-11 12:05:00,98,8.2,0.0,正常停机
2019/flows:PUMP_1,2019-04-25 05:20:00,2019-04-25 13:20:00,97,8.1,0.0,正常停机
2019/flows:PUMP_1,2019-01-31 04:10:00,2019-01-31 12:10:00,97,8.1,0.0,正常停机
2018/flows:PUMP_1,2018-12-16 05:00:00,2018-12-16 13:00:00,97,8.1,0.0,正常停机
2018/flows:PUMP_1,2018-04-22 04:55:00,2018-04-22 12:55:00,97,8.1,0.0,正常停机
2018/flows:PUMP_1,2018-08-22 06:10:00,2018-08-22 14:10:00,97,8.1,0.0,正常停机
2018/flows:PUMP_1,2018-06-06 05:45:00,2018-06-06 13:45:00,97,8.1,0.0,正常停机
2018/flows:PUMP_1,2018-09-03 04:10:00,2018-09-03 12:10:00,97,8.1,0.0,正常停机
2019/flows:PUMP_1,2019-03-30 08:15:00,2019-03-30 16:15:00,97,8.1,0.0,正常停机
2018/flows:PUMP_1,2018-09-13 05:20:00,2018-09-13 13:15:00,96,8.0,0.0,正常停机
2019/flows:PUMP_1,2019-04-29 03:15:00,2019-04-29 11:10:00,96,8.0,0.0,正常停机
2018/flows:PUMP_1,2018-04-11 04:15:00,2018-04-11 12:10:00,96,8.0,0.0,正常停机
2018/flows:PUMP_1,2018-08-29 05:45:00,2018-08-29 13:40:00,96,8.0,0.0,正常停机
2018/flows:PUMP_1,2018-04-29 05:00:00,2018-04-29 12:55:00,96,8.0,0.0,正常停机
2018/flows:PUMP_1,2018-05-22 05:35:00,2018-05-22 13:30:00,96,8.0,0.0,正常停机
2018/flows:PUMP_1,2018-09-20 05:50:00,2018-09-20 13:45:00,96,8.0,0.0,正常停机
2019/flows:PUMP_1,2019-07-28 04:35:00,2019-07-28 12:30:00,96,8.0,0.0,正常停机
2019/flows:PUMP_1,2019-02-19 05:55:00,2019-02-19 13:50:00,96,8.0,0.0,正常停机
2019/flows:PUMP_1,2019-12-07 03:55:00,2019-12-07 11:45:00,95,7.9,0.0,正常停机
2018/flows:PUMP_1,2018-03-27 03:55:00,2018-03-27 11:45:00,95,7.9,0.0,正常停机
2019/flows:PUMP_1,2019-03-08 11:50:00,2019-03-08 19:40:00,95,7.9,0.0,正常停机
2019/flows:PUMP_1,2019-03-12 04:35:00,2019-03-12 12:25:00,95,7.9,0.0,正常停机
2019/flows:PUMP_1,2019-10-02 02:05:00,2019-10-02 09:55:00,95,7.9,0.0,正常停机
2019/flows:PUMP_1,2019-12-09 02:00:00,2019-12-09 09:50:00,95,7.9,0.0,正常停机
2019/flows:PUMP_1,2019-07-17 02:45:00,2019-07-17 10:35:00,95,7.9,0.0,正常停机
2018/flows:PUMP_1,2018-06-23 05:40:00,2018-06-23 13:30:00,95,7.9,0.0,正常停机
2019/flows:PUMP_1,2019-06-22 14:35:00,2019-06-22 22:25:00,95,7.9,0.0,正常停机
2018/flows:PUMP_1,2018-07-06 07:55:00,2018-07-06 15:45:00,95,7.9,0.0,正常停机
2019/flows:PUMP_1,2019-06-29 15:15:00,2019-06-29 23:05:00,95,7.9,0.0,正常停机
2019/flows:PUMP_1,2019-07-14 16:05:00,2019-07-14 23:55:00,95,7.9,0.0,正常停机
2019/flows:PUMP_1,2019-10-30 02:00:00,2019-10-30 09:50:00,95,7.9,0.0,正常停机
2018/flows:PUMP_1,2018-08-17 04:40:00,2018-08-17 12:30:00,95,7.9,0.0,正常停机
2019/flows:PUMP_1,2019-11-05 18:50:00,2019-11-06 02:40:00,95,7.9,0.0,正常停机
2018/flows:PUMP_1,2018-04-18 04:25:00,2018-04-18 12:05:00,93,7.8,0.0,正常停机
2018/flows:PUMP_1,2018-09-12 04:20:00,2018-09-12 12:00:00,93,7.8,0.0,正常停机
2018/flows:PUMP_1,2018-07-29 01:15:00,2018-07-29 09:00:00,94,7.8,0.0,正常停机
2018/flows:PUMP_1,2018-06-04 05:30:00,2018-06-04 13:10:00,93,7.8,0.0,正常停机
2019/flows:PUMP_1,2019-05-09 09:20:00,2019-05-09 17:00:00,93,7.8,0.0,正常停机
2018/flows:PUMP_1,2018-02-22 03:35:00,2018-02-22 11:15:00,93,7.8,0.0,正常停机
2018/flows:PUMP_1,2018-06-01 04:40:00,2018-06-01 12:25:00,94,7.8,0.0,正常停机
2019/flows:PUMP_1,2019-03-01 04:50:00,2019-03-01 12:30:00,93,7.8,0.0,正常停机
2019/flows:PUMP_1,2019-02-21 06:00:00,2019-02-21 13:45:00,94,7.8,0.0,正常停机
2019/flows:PUMP_1,2019-02-14 06:05:00,2019-02-14 13:50:00,94,7.8,0.0,正常停机
2018/flows:PUMP_1,2018-10-04 04:20:00,2018-10-04 12:00:00,93,7.8,0.0,正常停机
2018/flows:PUMP_1,2018-09-23 05:10:00,2018-09-23 12:55:00,94,7.8,0.0,正常停机
2019/flows:PUMP_1,2019-10-20 04:40:00,2019-10-20 12:25:00,94,7.8,0.0,正常停机
2018/flows:PUMP_1,2018-05-10 03:45:00,2018-05-10 11:25:00,93,7.8,0.0,正常停机
2018/flows:PUMP_1,2018-05-25 05:10:00,2018-05-25 12:55:00,94,7.8,0.0,正常停机
2019/flows:PUMP_1,2019-06-08 10:20:00,2019-06-08 18:00:00,93,7.8,0.0,正常停机
2018/flows:PUMP_1,2018-07-22 14:10:00,2018-07-22 21:45:00,92,7.7,0.0,正常停机
2019/flows:PUMP_1,2019-04-03 06:15:00,2019-04-03 13:50:00,92,7.7,0.0,正常停机
2019/flows:PUMP_1,2019-06-03 06:20:00,2019-06-03 13:55:00,92,7.7,0.0,正常停机
2018/flows:PUMP_1,2018-03-20 04:05:00,2018-03-20 11:40:00,92,7.7,0.0,正常停机
2019/flows:PUMP_1,2019-12-14 04:50:00,2019-12-14 12:25:00,92,7.7,0.0,正常停机
2019/flows:PUMP_1,2019-10-22 01:35:00,2019-10-22 09:10:00,92,7.7,0.0,正常停机
2019/flows:PUMP_1,2019-11-03 16:05:00,2019-11-03 23:40:00,92,7.7,0.0,正常停机
2019/flows:PUMP_1,2019-09-09 01:25:00,2019-09-09 08:55:00,91,7.6,0.0,正常停机
2018/flows:PUMP_1,2018-06-28 06:05:00,2018-06-28 13:35:00,91,7.6,0.0,正常停机
2018/flows:PUMP_1,2018-02-15 03:50:00,2018-02-15 11:20:00,91,7.6,0.0,正常停机
2019/flows:PUMP_1,2019-11-16 03:30:00,2019-11-16 11:00:00,91,7.6,0.0,正常停机
2018/flows:PUMP_1,2018-08-28 04:30:00,2018-08-28 12:00:00,91,7.6,0.0,正常停机
2018/flows:PUMP_1,2018-09-19 04:35:00,2018-09-19 12:05:00,91,7.6,0.0,正常停机
2019/flows:PUMP_1,2019-04-07 05:35:00,2019-04-07 13:00:00,90,7.5,0.0,正常停机
2019/flows:PUMP_1,2019-12-28 11:00:00,2019-12-28 18:25:00,90,7.5,0.0,正常停机
2019/flows:PUMP_1,2019-06-19 04:35:00,2019-06-19 12:00:00,90,7.5,0.0,正常停机
2018/flows:PUMP_1,2018-07-13 07:45:00,2018-07-13 15:05:00,89,7.4,0.0,正常停机
2019/flows:PUMP_1,2019-04-16 06:40:00,2019-04-16 14:00:00,89,7.4,0.0,正常停机
2019/flows:PUMP_1,2019-02-20 05:50:00,2019-02-20 13:10:00,89,7.4,0.0,正常停机
2019/flows:PUMP_1,2019-08-27 02:35:00,2019-08-27 09:55:00,89,7.4,0.0,正常停机
2019/flows:PUMP_1,2019-09-21 04:15:00,2019-09-21 11:35:00,89,7.4,0.0,正常停机
2018/flows:PUMP_1,2018-05-03 04:15:00,2018-05-03 11:30:00,88,7.3,0.0,正常停机
2019/flows:PUMP_1,2019-10-08 02:35:00,2019-10-08 09:50:00,88,7.3,0.0,正常停机
2019/flows:PUMP_1,2019-03-29 05:25:00,2019-03-29 12:35:00,87,7.2,0.0,正常停机
2018/flows:PUMP_1,2018-05-21 04:55:00,2018-05-21 12:05:00,87,7.2,0.0,正常停机
2019/flows:PUMP_1,2019-08-04 08:10:00,2019-08-04 15:20:00,87,7.2,0.0,正常停机
2019/flows:PUMP_1,2019-08-18 07:25:00,2019-08-18 14:30:00,86,7.2,0.0,正常停机
2019/flows:PUMP_1,2019-08-14 02:40:00,2019-08-14 09:45:00,86,7.2,0.0,正常停机
2018/flows:PUMP_1,2018-07-12 08:35:00,2018-07-12 15:45:00,87,7.2,0.0,正常停机
2019/flows:PUMP_1,2019-07-25 04:05:00,2019-07-25 11:15:00,87,7.2,0.0,正常停机
2019/flows:PUMP_1,2019-11-18 11:10:00,2019-11-18 18:20:00,87,7.2,0.0,正常停机
2018/flows:PUMP_1,2018-02-26 05:10:00,2018-02-26 12:20:00,87,7.2,0.0,正常停机
2018/flows:PUMP_1,2018-07-24 04:40:00,2018-07-24 11:40:00,85,7.1,0.0,正常停机
2019/flows:PUMP_1,2019-05-16 05:40:00,2019-05-16 12:40:00,85,7.1,0.0,正常停机
2018/flows:PUMP_1,2018-05-14 05:25:00,2018-05-14 12:25:00,85,7.1,0.0,正常停机
2019/flows:PUMP_1,2019-07-21 06:05:00,2019-07-21 13:05:00,85,7.1,0.0,正常停机
2018/pressures:n215,2018-02-19 00:05:00,2018-02-19 07:00:00,84,7.0,39.1,高度可疑（长冻结）
2019/pressures:n215,2019-02-19 00:05:00,2019-02-19 07:00:00,84,7.0,39.1,高度可疑（长冻结）
2018/pressures:n215,2018-02-12 00:20:00,2018-02-12 07:15:00,84,7.0,39.1,高度可疑（长冻结）
2019/pressures:n215,2019-02-12 00:20:00,2019-02-12 07:15:00,84,7.0,39.1,高度可疑（长冻结）
2019/flows:PUMP_1,2019-08-11 08:25:00,2019-08-11 15:20:00,84,7.0,0.0,正常停机
2018/pressures:n215,2018-01-30 00:20:00,2018-01-30 07:15:00,84,7.0,39.1,高度可疑（长冻结）
2018/pressures:n215,2018-01-28 00:30:00,2018-01-28 07:25:00,84,7.0,39.1,高度可疑（长冻结）
2019/pressures:n215,2019-01-30 00:20:00,2019-01-30 07:15:00,84,7.0,39.1,高度可疑（长冻结）
2018/flows:PUMP_1,2018-07-17 05:50:00,2018-07-17 12:45:00,84,7.0,0.0,正常停机
2019/pressures:n215,2019-01-28 00:30:00,2019-01-28 07:25:00,84,7.0,39.1,高度可疑（长冻结）
2019/flows:PUMP_1,2019-07-05 04:40:00,2019-07-05 11:35:00,84,7.0,0.0,正常停机
2018/flows:PUMP_1,2018-06-05 05:00:00,2018-06-05 11:50:00,83,6.9,0.0,正常停机
2019/flows:PUMP_1,2019-12-18 04:45:00,2019-12-18 11:35:00,83,6.9,0.0,正常停机
2019/pressures:n215,2019-02-08 00:15:00,2019-02-08 07:05:00,83,6.9,39.1,高度可疑（长冻结）
2019/pressures:n215,2019-01-22 00:20:00,2019-01-22 07:10:00,83,6.9,39.1,高度可疑（长冻结）
2018/levels:T1,2018-08-04 15:10:00,2018-08-04 22:00:00,83,6.9,3.08,高度可疑（长冻结）
2018/pressures:n215,2018-01-22 00:20:00,2018-01-22 07:10:00,83,6.9,39.1,高度可疑（长冻结）
2018/pressures:n215,2018-02-08 00:15:00,2018-02-08 07:05:00,83,6.9,39.1,高度可疑（长冻结）
2018/pressures:n215,2018-01-29 00:35:00,2018-01-29 07:20:00,82,6.8,39.1,高度可疑（长冻结）
2018/flows:PUMP_1,2018-08-21 04:45:00,2018-08-21 11:30:00,82,6.8,0.0,正常停机
2019/pressures:n215,2019-03-12 00:15:00,2019-03-12 06:55:00,81,6.8,39.1,高度可疑（长冻结）
2018/flows:PUMP_1,2018-03-05 05:00:00,2018-03-05 11:40:00,81,6.8,0.0,正常停机
2018/pressures:n215,2018-02-07 00:50:00,2018-02-07 07:35:00,82,6.8,39.1,高度可疑（长冻结）
2019/flows:PUMP_1,2019-05-30 05:45:00,2019-05-30 12:30:00,82,6.8,0.0,正常停机
2019/pressures:n215,2019-02-07 00:50:00,2019-02-07 07:35:00,82,6.8,39.1,高度可疑（长冻结）
2019/pressures:n215,2019-01-29 00:35:00,2019-01-29 07:20:00,82,6.8,39.1,高度可疑（长冻结）
2019/flows:PUMP_1,2019-11-24 05:45:00,2019-11-24 12:25:00,81,6.8,0.0,正常停机
2019/flows:PUMP_1,2019-12-04 04:55:00,2019-12-04 11:35:00,81,6.8,0.0,正常停机
2018/flows:PUMP_1,2018-06-12 05:00:00,2018-06-12 11:35:00,80,6.7,0.0,正常停机
2019/flows:PUMP_1,2019-09-26 04:30:00,2019-09-26 11:05:00,80,6.7,0.0,正常停机
2018/pressures:n215,2018-02-06 00:35:00,2018-02-06 07:10:00,80,6.7,39.1,高度可疑（长冻结）
2019/pressures:n215,2019-02-06 00:35:00,2019-02-06 07:10:00,80,6.7,39.1,高度可疑（长冻结）
2019/pressures:n215,2019-03-21 00:45:00,2019-03-21 07:20:00,80,6.7,39.1,高度可疑（长冻结）
2019/flows:PUMP_1,2019-11-01 04:35:00,2019-11-01 11:10:00,80,6.7,0.0,正常停机
2018/pressures:n215,2018-03-05 00:50:00,2018-03-05 07:20:00,79,6.6,39.1,高度可疑（长冻结）
2019/pressures:n215,2019-02-13 00:55:00,2019-02-13 07:25:00,79,6.6,39.1,高度可疑（长冻结）
2019/pressures:n215,2019-03-05 00:50:00,2019-03-05 07:20:00,79,6.6,39.1,高度可疑（长冻结）
2018/pressures:n215,2018-02-18 01:00:00,2018-02-18 07:30:00,79,6.6,39.1,高度可疑（长冻结）
2019/pressures:n215,2019-01-16 00:40:00,2019-01-16 07:10:00,79,6.6,39.1,高度可疑（长冻结）
2018/pressures:n215,2018-02-01 00:40:00,2018-02-01 07:10:00,79,6.6,39.1,高度可疑（长冻结）
2018/pressures:n215,2018-01-16 00:40:00,2018-01-16 07:10:00,79,6.6,39.1,高度可疑（长冻结）
2019/pressures:n215,2019-02-18 01:00:00,2019-02-18 07:30:00,79,6.6,39.1,高度可疑（长冻结）
2018/pressures:n215,2018-02-13 00:55:00,2018-02-13 07:25:00,79,6.6,39.1,高度可疑（长冻结）
2019/flows:PUMP_1,2019-05-03 04:20:00,2019-05-03 10:50:00,79,6.6,0.0,正常停机
2019/pressures:n215,2019-02-01 00:40:00,2019-02-01 07:10:00,79,6.6,39.1,高度可疑（长冻结）
2019/flows:PUMP_1,2019-11-26 05:05:00,2019-11-26 11:30:00,78,6.5,0.0,正常停机
2018/pressures:n215,2018-02-14 00:50:00,2018-02-14 07:15:00,78,6.5,39.1,高度可疑（长冻结）
2018/pressures:n215,2018-02-27 00:45:00,2018-02-27 07:10:00,78,6.5,39.1,高度可疑（长冻结）
2019/pressures:n215,2019-03-06 00:50:00,2019-03-06 07:15:00,78,6.5,39.1,高度可疑（长冻结）
2019/flows:PUMP_1,2019-10-10 05:30:00,2019-10-10 11:55:00,78,6.5,0.0,正常停机
2019/pressures:n215,2019-02-14 00:50:00,2019-02-14 07:15:00,78,6.5,39.1,高度可疑（长冻结）
2019/pressures:n215,2019-02-20 01:05:00,2019-02-20 07:30:00,78,6.5,39.1,高度可疑（长冻结）
2019/pressures:n215,2019-02-26 00:40:00,2019-02-26 07:05:00,78,6.5,39.1,高度可疑（长冻结）
2018/pressures:n215,2018-02-26 00:40:00,2018-02-26 07:05:00,78,6.5,39.1,高度可疑（长冻结）
2018/pressures:n215,2018-12-10 00:55:00,2018-12-10 07:20:00,78,6.5,39.1,高度可疑（长冻结）
2018/flows:PUMP_1,2018-06-27 05:20:00,2018-06-27 11:45:00,78,6.5,0.0,正常停机
2019/pressures:n215,2019-02-27 00:45:00,2019-02-27 07:10:00,78,6.5,39.1,高度可疑（长冻结）
2018/pressures:n215,2018-02-20 01:05:00,2018-02-20 07:30:00,78,6.5,39.1,高度可疑（长冻结）
2018/pressures:n215,2018-12-17 00:40:00,2018-12-17 07:00:00,77,6.4,39.1,高度可疑（长冻结）
2018/flows:PUMP_1,2018-07-04 05:30:00,2018-07-04 11:50:00,77,6.4,0.0,正常停机
2019/pressures:n215,2019-02-22 00:50:00,2019-02-22 07:10:00,77,6.4,39.1,高度可疑（长冻结）
2018/pressures:n215,2018-02-15 00:50:00,2018-02-15 07:10:00,77,6.4,39.1,高度可疑（长冻结）
2019/pressures:n215,2019-02-15 00:50:00,2019-02-15 07:10:00,77,6.4,39.1,高度可疑（长冻结）
2018/pressures:n215,2018-02-22 00:50:00,2018-02-22 07:10:00,77,6.4,39.1,高度可疑（长冻结）
2019/flows:PUMP_1,2019-10-15 04:10:00,2019-10-15 10:30:00,77,6.4,0.0,正常停机
2019/flows:PUMP_1,2019-12-20 04:50:00,2019-12-20 11:05:00,76,6.3,0.0,正常停机
2019/flows:PUMP_1,2019-08-31 08:00:00,2019-08-31 14:15:00,76,6.3,0.0,正常停机
2019/pressures:n215,2019-01-08 00:50:00,2019-01-08 07:05:00,76,6.3,39.1,高度可疑（长冻结）
2019/pressures:n215,2019-01-11 01:10:00,2019-01-11 07:25:00,76,6.3,39.1,高度可疑（长冻结）
2018/pressures:n215,2018-04-16 00:25:00,2018-04-16 06:40:00,76,6.3,39.1,高度可疑（长冻结）
2019/pressures:n215,2019-02-04 00:50:00,2019-02-04 07:05:00,76,6.3,39.1,高度可疑（长冻结）
2018/pressures:n215,2018-01-11 01:10:00,2018-01-11 07:25:00,76,6.3,39.1,高度可疑（长冻结）
2018/pressures:n215,2018-01-08 00:50:00,2018-01-08 07:05:00,76,6.3,39.1,高度可疑（长冻结）
2018/pressures:n215,2018-04-02 01:00:00,2018-04-02 07:15:00,76,6.3,39.1,高度可疑（长冻结）
2018/pressures:n215,2018-02-04 00:50:00,2018-02-04 07:05:00,76,6.3,39.1,高度可疑（长冻结）
2019/pressures:n215,2019-04-16 00:25:00,2019-04-16 06:40:00,76,6.3,39.1,高度可疑（长冻结）
2019/pressures:n215,2019-04-02 01:00:00,2019-04-02 07:15:00,76,6.3,39.1,高度可疑（长冻结）
2019/flows:PUMP_1,2019-09-17 05:45:00,2019-09-17 11:50:00,74,6.2,0.0,正常停机
2018/pressures:n215,2018-12-24 00:45:00,2018-12-24 06:55:00,75,6.2,39.1,高度可疑（长冻结）
2018/pressures:n215,2018-04-09 00:55:00,2018-04-09 07:00:00,74,6.2,39.1,高度可疑（长冻结）
2019/pressures:n215,2019-04-09 00:55:00,2019-04-09 07:00:00,74,6.2,39.1,高度可疑（长冻结）
2018/pressures:n215,2018-02-05 01:00:00,2018-02-05 07:10:00,75,6.2,39.1,高度可疑（长冻结）
2018/pressures:n215,2018-01-21 00:50:00,2018-01-21 07:00:00,75,6.2,39.1,高度可疑（长冻结）
2019/pressures:n215,2019-02-11 00:40:00,2019-02-11 06:50:00,75,6.2,39.1,高度可疑（长冻结）
2018/pressures:n215,2018-03-04 00:50:00,2018-03-04 06:55:00,74,6.2,39.1,高度可疑（长冻结）
2018/pressures:n215,2018-03-26 00:50:00,2018-03-26 06:55:00,74,6.2,39.1,高度可疑（长冻结）
2018/pressures:n215,2018-02-11 00:40:00,2018-02-11 06:50:00,75,6.2,39.1,高度可疑（长冻结）
2019/pressures:n215,2019-03-04 00:50:00,2019-03-04 06:55:00,74,6.2,39.1,高度可疑（长冻结）
2019/pressures:n215,2019-03-13 01:05:00,2019-03-13 07:10:00,74,6.2,39.1,高度可疑（长冻结）
2019/pressures:n215,2019-03-26 00:50:00,2019-03-26 06:55:00,74,6.2,39.1,高度可疑（长冻结）
2019/pressures:n215,2019-02-05 01:00:00,2019-02-05 07:10:00,75,6.2,39.1,高度可疑（长冻结）
2018/pressures:n215,2018-12-23 01:00:00,2018-12-23 07:10:00,75,6.2,39.1,高度可疑（长冻结）
2019/pressures:n215,2019-01-21 00:50:00,2019-01-21 07:00:00,75,6.2,39.1,高度可疑（长冻结）
2018/pressures:n215,2018-12-31 01:20:00,2018-12-31 07:20:00,73,6.1,39.1,高度可疑（长冻结）
2019/pressures:n215,2019-01-09 01:00:00,2019-01-09 07:00:00,73,6.1,39.1,高度可疑（长冻结）
2018/pressures:n215,2018-01-09 01:00:00,2018-01-09 07:00:00,73,6.1,39.1,高度可疑（长冻结）
2019/flows:PUMP_1,2019-09-12 04:40:00,2019-09-12 10:40:00,73,6.1,0.0,正常停机
2019/flows:PUMP_1,2019-08-02 05:05:00,2019-08-02 11:05:00,73,6.1,0.0,正常停机
2018/pressures:n215,2018-01-25 01:15:00,2018-01-25 07:15:00,73,6.1,39.1,高度可疑（长冻结）
2019/flows:PUMP_1,2019-08-20 06:15:00,2019-08-20 12:15:00,73,6.1,0.0,正常停机
2019/pressures:n215,2019-01-25 01:15:00,2019-01-25 07:15:00,73,6.1,39.1,高度可疑（长冻结）
2019/flows:PUMP_1,2019-09-06 05:05:00,2019-09-06 11:05:00,73,6.1,0.0,正常停机
2019/flows:PUMP_1,2019-11-20 06:10:00,2019-11-20 12:05:00,72,6.0,0.0,正常停机
2018/pressures:n215,2018-01-14 01:15:00,2018-01-14 07:10:00,72,6.0,39.1,高度可疑（长冻结）
2018/levels:T1,2018-08-01 15:10:00,2018-08-01 21:05:00,72,6.0,2.55,高度可疑（长冻结）
2019/pressures:n215,2019-01-03 00:55:00,2019-01-03 06:50:00,72,6.0,39.1,高度可疑（长冻结）
2019/pressures:n215,2019-01-14 01:15:00,2019-01-14 07:10:00,72,6.0,39.1,高度可疑（长冻结）
2018/pressures:n215,2018-01-18 01:15:00,2018-01-18 07:10:00,72,6.0,39.1,高度可疑（长冻结）
2019/flows:PUMP_1,2019-11-13 05:25:00,2019-11-13 11:20:00,72,6.0,0.0,正常停机
2018/pressures:n215,2018-01-03 00:55:00,2018-01-03 06:50:00,72,6.0,39.1,高度可疑（长冻结）
2019/pressures:n215,2019-03-15 01:05:00,2019-03-15 07:00:00,72,6.0,39.1,高度可疑（长冻结）
2019/pressures:n215,2019-01-18 01:15:00,2019-01-18 07:10:00,72,6.0,39.1,高度可疑（长冻结）
2018/pressures:n215,2018-02-28 01:10:00,2018-02-28 07:00:00,71,5.9,39.1,短时平稳段
2018/flows:PUMP_1,2018-07-26 03:45:00,2018-07-26 09:35:00,71,5.9,0.0,正常停机
2019/pressures:n215,2019-03-19 01:15:00,2019-03-19 07:05:00,71,5.9,39.1,短时平稳段
2019/pressures:n215,2019-02-28 01:10:00,2019-02-28 07:00:00,71,5.9,39.1,短时平稳段
2019/flows:PUMP_1,2019-09-23 05:25:00,2019-09-23 11:15:00,71,5.9,0.0,正常停机
2018/pressures:n215,2018-12-26 01:15:00,2018-12-26 07:05:00,71,5.9,39.1,短时平稳段
2019/flows:PUMP_1,2019-11-22 05:55:00,2019-11-22 11:45:00,71,5.9,0.0,正常停机
2019/pressures:n215,2019-03-07 01:20:00,2019-03-07 07:05:00,70,5.8,39.1,短时平稳段
2019/pressures:n215,2019-03-27 00:50:00,2019-03-27 06:35:00,70,5.8,39.1,短时平稳段
2019/pressures:n215,2019-02-21 01:30:00,2019-02-21 07:10:00,69,5.8,39.1,短时平稳段
2018/pressures:n215,2018-01-23 01:50:00,2018-01-23 07:30:00,69,5.8,39.1,短时平稳段
2019/pressures:n215,2019-05-21 01:25:00,2019-05-21 07:05:00,69,5.8,39.1,短时平稳段
2018/pressures:n215,2018-01-07 01:45:00,2018-01-07 07:25:00,69,5.8,39.1,短时平稳段
2018/pressures:n215,2018-01-02 01:05:00,2018-01-02 06:50:00,70,5.8,39.1,短时平稳段
2018/pressures:n215,2018-01-01 01:20:00,2018-01-01 07:00:00,69,5.8,39.1,短时平稳段
2019/pressures:n215,2019-04-17 01:00:00,2019-04-17 06:45:00,70,5.8,39.1,短时平稳段
2019/pressures:n215,2019-03-14 01:30:00,2019-03-14 07:10:00,69,5.8,39.1,短时平稳段
2019/pressures:n215,2019-03-11 01:35:00,2019-03-11 07:20:00,70,5.8,39.1,短时平稳段
2019/pressures:n215,2019-02-25 01:05:00,2019-02-25 06:45:00,69,5.8,39.1,短时平稳段
2018/pressures:n215,2018-03-01 01:15:00,2018-03-01 06:55:00,69,5.8,39.1,短时平稳段
2018/pressures:n215,2018-02-25 01:05:00,2018-02-25 06:45:00,69,5.8,39.1,短时平稳段
2018/pressures:n215,2018-02-21 01:30:00,2018-02-21 07:10:00,69,5.8,39.1,短时平稳段
2019/pressures:n215,2019-03-01 01:15:00,2019-03-01 06:55:00,69,5.8,39.1,短时平稳段
2018/pressures:n215,2018-04-23 01:05:00,2018-04-23 06:50:00,70,5.8,39.1,短时平稳段
2018/pressures:n215,2018-03-27 00:50:00,2018-03-27 06:35:00,70,5.8,39.1,短时平稳段
2018/pressures:n215,2018-04-11 01:10:00,2018-04-11 06:55:00,70,5.8,39.1,短时平稳段
2019/pressures:n215,2019-02-02 02:35:00,2019-02-02 08:15:00,69,5.8,39.1,短时平稳段
2019/pressures:n215,2019-01-23 01:50:00,2019-01-23 07:30:00,69,5.8,39.1,短时平稳段
2019/pressures:n215,2019-01-02 01:05:00,2019-01-02 06:50:00,70,5.8,39.1,短时平稳段
2019/pressures:n215,2019-01-01 01:20:00,2019-01-01 07:00:00,69,5.8,39.1,短时平稳段
2018/pressures:n215,2018-12-12 01:10:00,2018-12-12 06:50:00,69,5.8,39.1,短时平稳段
2019/pressures:n215,2019-04-11 01:10:00,2019-04-11 06:55:00,70,5.8,39.1,短时平稳段
2018/pressures:n215,2018-12-11 01:05:00,2018-12-11 06:45:00,69,5.8,39.1,短时平稳段
2018/pressures:n215,2018-12-18 00:55:00,2018-12-18 06:35:00,69,5.8,39.1,短时平稳段
2018/pressures:n215,2018-04-17 01:00:00,2018-04-17 06:45:00,70,5.8,39.1,短时平稳段
2018/pressures:n215,2018-02-02 02:35:00,2018-02-02 08:15:00,69,5.8,39.1,短时平稳段
2019/pressures:n215,2019-01-15 01:00:00,2019-01-15 06:45:00,70,5.8,39.1,短时平稳段
2018/pressures:n215,2018-01-15 01:00:00,2018-01-15 06:45:00,70,5.8,39.1,短时平稳段
2018/pressures:n215,2018-05-21 01:25:00,2018-05-21 07:05:00,69,5.8,39.1,短时平稳段
2019/pressures:n215,2019-01-07 01:45:00,2019-01-07 07:25:00,69,5.8,39.1,短时平稳段
2019/pressures:n215,2019-06-17 01:05:00,2019-06-17 06:45:00,69,5.8,39.1,短时平稳段
2019/flows:PUMP_1,2019-07-30 04:45:00,2019-07-30 10:25:00,69,5.8,0.0,正常停机
2019/pressures:n215,2019-04-23 01:05:00,2019-04-23 06:50:00,70,5.8,39.1,短时平稳段
2018/pressures:n215,2018-06-17 01:05:00,2018-06-17 06:45:00,69,5.8,39.1,短时平稳段
2019/pressures:n215,2019-06-18 00:55:00,2019-06-18 06:30:00,68,5.7,39.1,短时平稳段
2018/pressures:n215,2018-06-18 00:55:00,2018-06-18 06:30:00,68,5.7,39.1,短时平稳段
2018/pressures:n215,2018-12-25 01:25:00,2018-12-25 07:00:00,68,5.7,39.1,短时平稳段
2018/pressures:n215,2018-04-04 01:10:00,2018-04-04 06:45:00,68,5.7,39.1,短时平稳段
2018/pressures:n215,2018-08-20 01:20:00,2018-08-20 06:55:00,68,5.7,39.1,短时平稳段
2019/pressures:n215,2019-03-20 01:25:00,2019-03-20 07:00:00,68,5.7,39.1,短时平稳段
2018/pressures:n215,2018-12-03 01:00:00,2018-12-03 06:35:00,68,5.7,39.1,短时平稳段
2019/flows:PUMP_1,2019-08-06 04:55:00,2019-08-06 10:30:00,68,5.7,0.0,正常停机
2019/pressures:n215,2019-04-04 01:10:00,2019-04-04 06:45:00,68,5.7,39.1,短时平稳段
2018/pressures:n215,2018-08-27 01:25:00,2018-08-27 07:00:00,68,5.7,39.1,短时平稳段
2019/pressures:n215,2019-03-22 01:30:00,2019-03-22 07:00:00,67,5.6,39.1,短时平稳段
2018/pressures:n215,2018-04-12 01:40:00,2018-04-12 07:10:00,67,5.6,39.1,短时平稳段
2018/pressures:n215,2018-04-08 01:30:00,2018-04-08 07:00:00,67,5.6,39.1,短时平稳段
2019/pressures:n215,2019-01-31 01:20:00,2019-01-31 06:50:00,67,5.6,39.1,短时平稳段
2019/pressures:n215,2019-01-17 01:30:00,2019-01-17 07:00:00,67,5.6,39.1,短时平稳段
2018/pressures:n215,2018-01-17 01:30:00,2018-01-17 07:00:00,67,5.6,39.1,短时平稳段
2019/pressures:n215,2019-01-10 01:30:00,2019-01-10 07:00:00,67,5.6,39.1,短时平稳段
2019/pressures:n215,2019-04-12 01:40:00,2019-04-12 07:10:00,67,5.6,39.1,短时平稳段
2019/pressures:n215,2019-04-08 01:30:00,2019-04-08 07:00:00,67,5.6,39.1,短时平稳段
2018/pressures:n215,2018-01-31 01:20:00,2018-01-31 06:50:00,67,5.6,39.1,短时平稳段
2018/pressures:n215,2018-06-19 01:35:00,2018-06-19 07:05:00,67,5.6,39.1,短时平稳段
2018/pressures:n215,2018-12-27 01:15:00,2018-12-27 06:45:00,67,5.6,39.1,短时平稳段
2019/pressures:n215,2019-06-19 01:35:00,2019-06-19 07:05:00,67,5.6,39.1,短时平稳段
2018/pressures:n215,2018-01-10 01:30:00,2018-01-10 07:00:00,67,5.6,39.1,短时平稳段
2018/pressures:n215,2018-02-03 03:25:00,2018-02-03 08:50:00,66,5.5,39.1,短时平稳段
2019/flows:PUMP_1,2019-07-19 05:05:00,2019-07-19 10:30:00,66,5.5,0.0,正常停机
2019/pressures:n215,2019-01-24 01:40:00,2019-01-24 07:05:00,66,5.5,39.1,短时平稳段
2018/pressures:n215,2018-03-29 01:25:00,2018-03-29 06:50:00,66,5.5,39.1,短时平稳段
2018/pressures:n215,2018-03-28 01:30:00,2018-03-28 06:55:00,66,5.5,39.1,短时平稳段
2019/pressures:n215,2019-02-09 02:20:00,2019-02-09 07:45:00,66,5.5,39.1,短时平稳段
2018/pressures:n215,2018-04-03 01:05:00,2018-04-03 06:30:00,66,5.5,39.1,短时平稳段
2018/pressures:n215,2018-04-10 01:10:00,2018-04-10 06:35:00,66,5.5,39.1,短时平稳段
2019/pressures:n215,2019-02-03 03:25:00,2019-02-03 08:50:00,66,5.5,39.1,短时平稳段
2019/pressures:n215,2019-04-03 01:05:00,2019-04-03 06:30:00,66,5.5,39.1,短时平稳段
2019/pressures:n215,2019-03-29 01:25:00,2019-03-29 06:50:00,66,5.5,39.1,短时平稳段
2019/pressures:n215,2019-03-08 01:30:00,2019-03-08 06:55:00,66,5.5,39.1,短时平稳段
2018/pressures:n215,2018-12-16 01:40:00,2018-12-16 07:05:00,66,5.5,39.1,短时平稳段
2019/pressures:n215,2019-03-28 01:30:00,2019-03-28 06:55:00,66,5.5,39.1,短时平稳段
2019/pressures:n215,2019-04-10 01:10:00,2019-04-10 06:35:00,66,5.5,39.1,短时平稳段
2018/pressures:n215,2018-02-09 02:20:00,2018-02-09 07:45:00,66,5.5,39.1,短时平稳段
2018/pressures:n215,2018-06-04 01:25:00,2018-06-04 06:50:00,66,5.5,39.1,短时平稳段
2019/pressures:n215,2019-06-04 01:25:00,2019-06-04 06:50:00,66,5.5,39.1,短时平稳段
2018/pressures:n215,2018-01-24 01:40:00,2018-01-24 07:05:00,66,5.5,39.1,短时平稳段
2019/pressures:n215,2019-04-01 01:50:00,2019-04-01 07:10:00,65,5.4,39.1,短时平稳段
2018/pressures:n215,2018-04-01 01:50:00,2018-04-01 07:10:00,65,5.4,39.1,短时平稳段
2018/pressures:n215,2018-08-15 01:30:00,2018-08-15 06:50:00,65,5.4,39.1,短时平稳段
2018/pressures:n215,2018-06-03 01:25:00,2018-06-03 06:45:00,65,5.4,39.1,短时平稳段
2019/pressures:n215,2019-06-03 01:25:00,2019-06-03 06:45:00,65,5.4,39.1,短时平稳段
2018/pressures:n215,2018-01-12 02:30:00,2018-01-12 07:45:00,64,5.3,39.1,短时平稳段
2018/pressures:n215,2018-11-26 01:25:00,2018-11-26 06:40:00,64,5.3,39.1,短时平稳段
2018/pressures:n215,2018-05-30 01:40:00,2018-05-30 06:55:00,64,5.3,39.1,短时平稳段
2018/pressures:n215,2018-01-26 02:25:00,2018-01-26 07:40:00,64,5.3,39.1,短时平稳段
2018/pressures:n215,2018-08-06 01:30:00,2018-08-06 06:45:00,64,5.3,39.1,短时平稳段
2019/pressures:n215,2019-05-23 01:25:00,2019-05-23 06:40:00,64,5.3,39.1,短时平稳段
2019/pressures:n215,2019-05-30 01:40:00,2019-05-30 06:55:00,64,5.3,39.1,短时平稳段
2019/pressures:n215,2019-05-07 01:20:00,2019-05-07 06:35:00,64,5.3,39.1,短时平稳段
2018/pressures:n215,2018-05-07 01:20:00,2018-05-07 06:35:00,64,5.3,39.1,短时平稳段
2019/pressures:n215,2019-01-12 02:30:00,2019-01-12 07:45:00,64,5.3,39.1,短时平稳段
2018/pressures:n215,2018-03-25 01:40:00,2018-03-25 06:55:00,64,5.3,39.1,短时平稳段
2019/pressures:n215,2019-03-25 01:40:00,2019-03-25 06:55:00,64,5.3,39.1,短时平稳段
2019/pressures:n215,2019-04-05 01:30:00,2019-04-05 06:45:00,64,5.3,39.1,短时平稳段
2018/pressures:n215,2018-05-23 01:25:00,2018-05-23 06:40:00,64,5.3,39.1,短时平稳段
2019/pressures:n215,2019-01-26 02:25:00,2019-01-26 07:40:00,64,5.3,39.1,短时平稳段
2018/pressures:n215,2018-04-05 01:30:00,2018-04-05 06:45:00,64,5.3,39.1,短时平稳段
2019/pressures:n215,2019-04-30 01:20:00,2019-04-30 06:30:00,63,5.2,39.1,短时平稳段
2019/pressures:n215,2019-06-11 01:30:00,2019-06-11 06:35:00,62,5.2,39.1,短时平稳段
2019/pressures:n215,2019-07-02 01:45:00,2019-07-02 06:50:00,62,5.2,39.1,短时平稳段
2018/pressures:n215,2018-07-02 01:45:00,2018-07-02 06:50:00,62,5.2,39.1,短时平稳段
2019/pressures:n215,2019-04-24 01:45:00,2019-04-24 06:50:00,62,5.2,39.1,短时平稳段
2019/pressures:n215,2019-05-08 01:40:00,2019-05-08 06:45:00,62,5.2,39.1,短时平稳段
2018/pressures:n215,2018-12-30 02:05:00,2018-12-30 07:15:00,63,5.2,39.1,短时平稳段
2019/pressures:n215,2019-05-17 01:30:00,2019-05-17 06:35:00,62,5.2,39.1,短时平稳段
2019/pressures:n215,2019-06-07 01:55:00,2019-06-07 07:05:00,63,5.2,39.1,短时平稳段
2019/pressures:n215,2019-05-02 01:40:00,2019-05-02 06:45:00,62,5.2,39.1,短时平稳段
2018/pressures:n215,2018-08-14 01:30:00,2018-08-14 06:40:00,63,5.2,39.1,短时平稳段
2019/pressures:n215,2019-03-18 01:25:00,2019-03-18 06:35:00,63,5.2,39.1,短时平稳段
2018/pressures:n215,2018-12-06 01:55:00,2018-12-06 07:00:00,62,5.2,39.1,短时平稳段
2018/pressures:n215,2018-12-20 01:50:00,2018-12-20 06:55:00,62,5.2,39.1,短时平稳段
2018/pressures:n215,2018-12-19 01:45:00,2018-12-19 06:55:00,63,5.2,39.1,短时平稳段
2018/pressures:n215,2018-12-13 01:50:00,2018-12-13 06:55:00,62,5.2,39.1,短时平稳段
2019/pressures:n215,2019-04-18 01:30:00,2019-04-18 06:40:00,63,5.2,39.1,短时平稳段
2018/pressures:n215,2018-05-17 01:30:00,2018-05-17 06:35:00,62,5.2,39.1,短时平稳段
2018/pressures:n215,2018-05-08 01:40:00,2018-05-08 06:45:00,62,5.2,39.1,短时平稳段
2018/pressures:n215,2018-04-18 01:30:00,2018-04-18 06:40:00,63,5.2,39.1,短时平稳段
2018/pressures:n215,2018-04-30 01:20:00,2018-04-30 06:30:00,63,5.2,39.1,短时平稳段
2018/pressures:n215,2018-04-24 01:45:00,2018-04-24 06:50:00,62,5.2,39.1,短时平稳段
2018/pressures:n215,2018-05-02 01:40:00,2018-05-02 06:45:00,62,5.2,39.1,短时平稳段
2018/pressures:n215,2018-06-07 01:55:00,2018-06-07 07:05:00,63,5.2,39.1,短时平稳段
2018/pressures:n215,2018-06-11 01:30:00,2018-06-11 06:35:00,62,5.2,39.1,短时平稳段
2019/levels:T1,2019-11-27 09:25:00,2019-11-27 14:25:00,61,5.1,3.02,短时平稳段
2018/pressures:n215,2018-06-10 01:40:00,2018-06-10 06:40:00,61,5.1,39.1,短时平稳段
2018/pressures:n215,2018-04-19 01:40:00,2018-04-19 06:40:00,61,5.1,39.1,短时平稳段
2019/pressures:n215,2019-06-20 01:40:00,2019-06-20 06:40:00,61,5.1,39.1,短时平稳段
2018/pressures:n215,2018-08-28 01:30:00,2018-08-28 06:30:00,61,5.1,39.1,短时平稳段
2018/pressures:n215,2018-06-20 01:40:00,2018-06-20 06:40:00,61,5.1,39.1,短时平稳段
2018/pressures:n215,2018-06-13 01:40:00,2018-06-13 06:40:00,61,5.1,39.1,短时平稳段
2019/pressures:n215,2019-05-28 01:35:00,2019-05-28 06:35:00,61,5.1,39.1,短时平稳段
2019/pressures:n215,2019-06-13 01:40:00,2019-06-13 06:40:00,61,5.1,39.1,短时平稳段
2018/pressures:n215,2018-05-28 01:35:00,2018-05-28 06:35:00,61,5.1,39.1,短时平稳段
2018/pressures:n215,2018-02-23 02:15:00,2018-02-23 07:15:00,61,5.1,39.1,短时平稳段
2019/pressures:n215,2019-06-10 01:40:00,2019-06-10 06:40:00,61,5.1,39.1,短时平稳段
2019/pressures:n215,2019-04-19 01:40:00,2019-04-19 06:40:00,61,5.1,39.1,短时平稳段
2019/pressures:n215,2019-02-23 02:15:00,2019-02-23 07:15:00,61,5.1,39.1,短时平稳段
2018/pressures:n215,2018-06-06 02:05:00,2018-06-06 07:00:00,60,5.0,39.1,短时平稳段
2018/pressures:n215,2018-10-01 01:45:00,2018-10-01 06:40:00,60,5.0,39.1,短时平稳段
2019/pressures:n215,2019-01-27 03:10:00,2019-01-27 08:05:00,60,5.0,39.1,短时平稳段
2019/pressures:n215,2019-01-04 02:00:00,2019-01-04 06:55:00,60,5.0,39.1,短时平稳段
2019/pressures:n215,2019-01-19 02:30:00,2019-01-19 07:25:00,60,5.0,39.1,短时平稳段
2018/pressures:n215,2018-04-25 01:20:00,2018-04-25 06:15:00,60,5.0,39.1,短时平稳段
2018/pressures:n215,2018-02-24 03:30:00,2018-02-24 08:25:00,60,5.0,39.1,短时平稳段
2018/pressures:n215,2018-05-31 01:40:00,2018-05-31 06:35:00,60,5.0,39.1,短时平稳段
2019/pressures:n215,2019-04-25 01:20:00,2019-04-25 06:15:00,60,5.0,39.1,短时平稳段
2018/pressures:n215,2018-07-26 01:35:00,2018-07-26 06:30:00,60,5.0,39.1,短时平稳段
2018/pressures:n215,2018-12-04 02:05:00,2018-12-04 07:00:00,60,5.0,39.1,短时平稳段
2018/pressures:n215,2018-01-27 03:10:00,2018-01-27 08:05:00,60,5.0,39.1,短时平稳段
2019/pressures:n215,2019-05-31 01:40:00,2019-05-31 06:35:00,60,5.0,39.1,短时平稳段
2018/pressures:n215,2018-08-16 01:35:00,2018-08-16 06:30:00,60,5.0,39.1,短时平稳段
2019/pressures:n215,2019-02-24 03:30:00,2019-02-24 08:25:00,60,5.0,39.1,短时平稳段
2019/pressures:n215,2019-06-06 02:05:00,2019-06-06 07:00:00,60,5.0,39.1,短时平稳段
2018/pressures:n215,2018-01-04 02:00:00,2018-01-04 06:55:00,60,5.0,39.1,短时平稳段
2018/pressures:n215,2018-01-19 02:30:00,2018-01-19 07:25:00,60,5.0,39.1,短时平稳段
2018/pressures:n215,2018-08-01 01:55:00,2018-08-01 06:45:00,59,4.9,39.1,短时平稳段
2019/levels:T1,2019-12-19 09:00:00,2019-12-19 13:50:00,59,4.9,3.21,短时平稳段
2018/pressures:n215,2018-05-16 01:45:00,2018-05-16 06:35:00,59,4.9,39.1,短时平稳段
2019/pressures:n215,2019-05-16 01:45:00,2019-05-16 06:35:00,59,4.9,39.1,短时平稳段
2018/pressures:n215,2018-08-22 01:55:00,2018-08-22 06:40:00,58,4.8,39.1,短时平稳段
2019/pressures:n215,2019-02-16 02:35:00,2019-02-16 07:20:00,58,4.8,39.1,短时平稳段
2018/pressures:n215,2018-11-06 01:55:00,2018-11-06 06:35:00,57,4.8,39.1,短时平稳段
2018/pressures:n215,2018-11-15 01:55:00,2018-11-15 06:35:00,57,4.8,39.1,短时平稳段
2018/pressures:n215,2018-02-10 03:30:00,2018-02-10 08:15:00,58,4.8,39.1,短时平稳段
2019/pressures:n215,2019-04-26 02:10:00,2019-04-26 06:55:00,58,4.8,39.1,短时平稳段
2018/pressures:n215,2018-07-01 02:00:00,2018-07-01 06:45:00,58,4.8,39.1,短时平稳段
2018/pressures:n215,2018-05-29 02:00:00,2018-05-29 06:40:00,57,4.8,39.1,短时平稳段
2018/pressures:n215,2018-06-14 01:55:00,2018-06-14 06:35:00,57,4.8,39.1,短时平稳段
2019/pressures:n215,2019-05-29 02:00:00,2019-05-29 06:40:00,57,4.8,39.1,短时平稳段
2018/pressures:n215,2018-09-25 01:45:00,2018-09-25 06:25:00,57,4.8,39.1,短时平稳段
2019/pressures:n215,2019-02-10 03:30:00,2019-02-10 08:15:00,58,4.8,39.1,短时平稳段
2019/pressures:n215,2019-07-01 02:00:00,2019-07-01 06:45:00,58,4.8,39.1,短时平稳段
2019/pressures:n215,2019-06-25 01:55:00,2019-06-25 06:40:00,58,4.8,39.1,短时平稳段
2018/pressures:n215,2018-06-25 01:55:00,2018-06-25 06:40:00,58,4.8,39.1,短时平稳段
2018/pressures:n215,2018-04-26 02:10:00,2018-04-26 06:55:00,58,4.8,39.1,短时平稳段
2018/pressures:n215,2018-11-28 01:45:00,2018-11-28 06:30:00,58,4.8,39.1,短时平稳段
2018/pressures:n215,2018-08-13 01:45:00,2018-08-13 06:30:00,58,4.8,39.1,短时平稳段
2018/pressures:n215,2018-02-16 02:35:00,2018-02-16 07:20:00,58,4.8,39.1,短时平稳段
2018/pressures:n215,2018-12-05 01:45:00,2018-12-05 06:25:00,57,4.8,39.1,短时平稳段
2019/pressures:n215,2019-06-14 01:55:00,2019-06-14 06:35:00,57,4.8,39.1,短时平稳段
2018/pressures:n215,2018-11-05 01:55:00,2018-11-05 06:30:00,56,4.7,39.1,短时平稳段
2018/pressures:n215,2018-05-10 01:50:00,2018-05-10 06:25:00,56,4.7,39.1,短时平稳段
2018/pressures:n215,2018-09-17 01:50:00,2018-09-17 06:25:00,56,4.7,39.1,短时平稳段
2018/pressures:n215,2018-06-26 02:00:00,2018-06-26 06:35:00,56,4.7,39.1,短时平稳段
2019/pressures:n215,2019-06-26 02:00:00,2019-06-26 06:35:00,56,4.7,39.1,短时平稳段
2019/pressures:n215,2019-06-21 01:55:00,2019-06-21 06:30:00,56,4.7,39.1,短时平稳段
2018/pressures:n215,2018-07-09 02:10:00,2018-07-09 06:45:00,56,4.7,39.1,短时平稳段
2018/pressures:n215,2018-12-09 02:05:00,2018-12-09 06:40:00,56,4.7,39.1,短时平稳段
2018/pressures:n215,2018-07-31 02:00:00,2018-07-31 06:35:00,56,4.7,39.1,短时平稳段
2018/pressures:n215,2018-06-21 01:55:00,2018-06-21 06:30:00,56,4.7,39.1,短时平稳段
2018/pressures:n215,2018-10-23 02:10:00,2018-10-23 06:45:00,56,4.7,39.1,短时平稳段
2019/pressures:n215,2019-05-10 01:50:00,2019-05-10 06:25:00,56,4.7,39.1,短时平稳段
2019/pressures:n215,2019-07-09 02:10:00,2019-07-09 06:45:00,56,4.7,39.1,短时平稳段
2018/pressures:n215,2018-09-20 02:05:00,2018-09-20 06:35:00,55,4.6,39.1,短时平稳段
2018/pressures:n215,2018-08-30 01:25:00,2018-08-30 05:55:00,55,4.6,39.1,短时平稳段
2018/pressures:n215,2018-08-29 02:05:00,2018-08-29 06:35:00,55,4.6,39.1,短时平稳段
2019/pressures:n215,2019-03-02 03:05:00,2019-03-02 07:35:00,55,4.6,39.1,短时平稳段
2018/pressures:n215,2018-07-30 01:50:00,2018-07-30 06:20:00,55,4.6,39.1,短时平稳段
2019/pressures:n215,2019-05-22 01:25:00,2019-05-22 05:55:00,55,4.6,39.1,短时平稳段
2018/pressures:n215,2018-03-02 03:05:00,2018-03-02 07:35:00,55,4.6,39.1,短时平稳段
2018/pressures:n215,2018-09-06 02:10:00,2018-09-06 06:40:00,55,4.6,39.1,短时平稳段
2018/pressures:n215,2018-10-31 02:00:00,2018-10-31 06:30:00,55,4.6,39.1,短时平稳段
2018/pressures:n215,2018-05-22 01:25:00,2018-05-22 05:55:00,55,4.6,39.1,短时平稳段
2019/pressures:n215,2019-06-12 01:55:00,2019-06-12 06:20:00,54,4.5,39.1,短时平稳段
2019/pressures:n215,2019-05-20 02:05:00,2019-05-20 06:30:00,54,4.5,39.1,短时平稳段
2018/pressures:n215,2018-06-12 01:55:00,2018-06-12 06:20:00,54,4.5,39.1,短时平稳段
2019/pressures:n215,2019-06-05 02:15:00,2019-06-05 06:40:00,54,4.5,39.1,短时平稳段
2019/pressures:n215,2019-05-09 02:00:00,2019-05-09 06:25:00,54,4.5,39.1,短时平稳段
2018/pressures:n215,2018-06-05 02:15:00,2018-06-05 06:40:00,54,4.5,39.1,短时平稳段
2018/pressures:n215,2018-04-22 02:05:00,2018-04-22 06:30:00,54,4.5,39.1,短时平稳段
2018/pressures:n215,2018-11-01 02:00:00,2018-11-01 06:25:00,54,4.5,39.1,短时平稳段
2018/pressures:n215,2018-10-16 01:55:00,2018-10-16 06:20:00,54,4.5,39.1,短时平稳段
2018/pressures:n215,2018-05-09 02:00:00,2018-05-09 06:25:00,54,4.5,39.1,短时平稳段
2018/pressures:n215,2018-05-03 02:00:00,2018-05-03 06:25:00,54,4.5,39.1,短时平稳段
2019/pressures:n215,2019-06-24 02:05:00,2019-06-24 06:30:00,54,4.5,39.1,短时平稳段
2018/pressures:n215,2018-05-20 02:05:00,2018-05-20 06:30:00,54,4.5,39.1,短时平稳段
2019/pressures:n215,2019-05-03 02:00:00,2019-05-03 06:25:00,54,4.5,39.1,短时平稳段
2018/pressures:n215,2018-06-24 02:05:00,2018-06-24 06:30:00,54,4.5,39.1,短时平稳段
2018/pressures:n215,2018-05-14 01:15:00,2018-05-14 05:40:00,54,4.5,39.1,短时平稳段
2019/pressures:n215,2019-05-14 01:15:00,2019-05-14 05:40:00,54,4.5,39.1,短时平稳段
2019/pressures:n215,2019-04-22 02:05:00,2019-04-22 06:30:00,54,4.5,39.1,短时平稳段
2018/pressures:n215,2018-11-27 02:05:00,2018-11-27 06:25:00,53,4.4,39.1,短时平稳段
2018/pressures:n215,2018-11-22 02:35:00,2018-11-22 06:55:00,53,4.4,39.1,短时平稳段
2018/pressures:n215,2018-09-03 01:40:00,2018-09-03 06:00:00,53,4.4,39.1,短时平稳段
2018/pressures:n215,2018-10-17 02:00:00,2018-10-17 06:20:00,53,4.4,39.1,短时平稳段
2018/pressures:n215,2018-10-22 02:10:00,2018-10-22 06:30:00,53,4.4,39.1,短时平稳段
2018/pressures:n215,2018-06-27 02:35:00,2018-06-27 06:55:00,53,4.4,39.1,短时平稳段
2019/pressures:n215,2019-06-27 02:35:00,2019-06-27 06:55:00,53,4.4,39.1,短时平稳段
2018/pressures:n215,2018-10-08 01:45:00,2018-10-08 06:05:00,53,4.4,39.1,短时平稳段
2018/pressures:n215,2018-09-19 02:30:00,2018-09-19 06:45:00,52,4.3,39.1,短时平稳段
2019/pressures:n215,2019-01-13 03:20:00,2019-01-13 07:35:00,52,4.3,39.1,短时平稳段
2018/pressures:n215,2018-01-13 03:20:00,2018-01-13 07:35:00,52,4.3,39.1,短时平稳段
2018/pressures:n215,2018-10-24 02:20:00,2018-10-24 06:35:00,52,4.3,39.1,短时平稳段
2018/pressures:n215,2018-11-21 02:15:00,2018-11-21 06:30:00,52,4.3,39.1,短时平稳段
2018/pressures:n215,2018-10-30 01:55:00,2018-10-30 06:10:00,52,4.3,39.1,短时平稳段
2018/pressures:n215,2018-08-21 02:20:00,2018-08-21 06:35:00,52,4.3,39.1,短时平稳段
2018/pressures:n215,2018-04-15 02:40:00,2018-04-15 06:55:00,52,4.3,39.1,短时平稳段
2019/pressures:n215,2019-06-28 02:00:00,2019-06-28 06:15:00,52,4.3,39.1,短时平稳段
2018/pressures:n215,2018-06-28 02:00:00,2018-06-28 06:15:00,52,4.3,39.1,短时平稳段
2018/pressures:n215,2018-12-02 02:20:00,2018-12-02 06:35:00,52,4.3,39.1,短时平稳段
2018/pressures:n215,2018-08-05 02:10:00,2018-08-05 06:25:00,52,4.3,39.1,短时平稳段
2018/pressures:n215,2018-08-09 02:20:00,2018-08-09 06:35:00,52,4.3,39.1,短时平稳段
2019/pressures:n215,2019-04-15 02:40:00,2019-04-15 06:55:00,52,4.3,39.1,短时平稳段
2018/pressures:n215,2018-11-12 02:10:00,2018-11-12 06:25:00,52,4.3,39.1,短时平稳段
2019/pressures:n215,2019-03-09 03:05:00,2019-03-09 07:20:00,52,4.3,39.1,短时平稳段
2018/pressures:n215,2018-09-04 02:15:00,2018-09-04 06:30:00,52,4.3,39.1,短时平稳段
2018/pressures:n215,2018-12-07 03:05:00,2018-12-07 07:15:00,51,4.2,39.1,短时平稳段
2018/pressures:n215,2018-07-10 02:00:00,2018-07-10 06:10:00,51,4.2,39.1,短时平稳段
2019/pressures:n215,2019-07-10 02:00:00,2019-07-10 06:10:00,51,4.2,39.1,短时平稳段
2018/pressures:n215,2018-07-16 02:20:00,2018-07-16 06:25:00,50,4.2,39.1,短时平稳段
2018/pressures:n215,2018-02-17 03:35:00,2018-02-17 07:40:00,50,4.2,39.1,短时平稳段
2018/pressures:n215,2018-11-25 02:40:00,2018-11-25 06:50:00,51,4.2,39.1,短时平稳段
2018/pressures:n215,2018-11-29 02:35:00,2018-11-29 06:40:00,50,4.2,39.1,短时平稳段
2018/pressures:n215,2018-07-19 02:00:00,2018-07-19 06:05:00,50,4.2,39.1,短时平稳段
2018/pressures:n215,2018-09-11 02:15:00,2018-09-11 06:20:00,50,4.2,39.1,短时平稳段
2018/pressures:n215,2018-10-10 02:35:00,2018-10-10 06:40:00,50,4.2,39.1,短时平稳段
2018/pressures:n215,2018-10-11 02:15:00,2018-10-11 06:25:00,51,4.2,39.1,短时平稳段
2018/pressures:n215,2018-10-02 01:40:00,2018-10-02 05:45:00,50,4.2,39.1,短时平稳段
2018/pressures:n215,2018-10-29 02:45:00,2018-10-29 06:50:00,50,4.2,39.1,短时平稳段
2018/pressures:n215,2018-11-20 01:50:00,2018-11-20 05:55:00,50,4.2,39.1,短时平稳段
2018/pressures:n215,2018-11-18 02:45:00,2018-11-18 06:55:00,51,4.2,39.1,短时平稳段
2019/pressures:n215,2019-02-17 03:35:00,2019-02-17 07:40:00,50,4.2,39.1,短时平稳段
2018/pressures:n215,2018-11-14 02:20:00,2018-11-14 06:30:00,51,4.2,39.1,短时平稳段
2018/pressures:n215,2018-12-14 02:55:00,2018-12-14 07:05:00,51,4.2,39.1,短时平稳段
2019/pressures:n215,2019-04-29 02:15:00,2019-04-29 06:20:00,50,4.2,39.1,短时平稳段
2019/pressures:n215,2019-04-06 03:25:00,2019-04-06 07:35:00,51,4.2,39.1,短时平稳段
2018/pressures:n215,2018-07-18 02:05:00,2018-07-18 06:15:00,51,4.2,39.1,短时平稳段
2018/pressures:n215,2018-09-13 02:20:00,2018-09-13 06:25:00,50,4.2,39.1,短时平稳段
2018/pressures:n215,2018-04-29 02:15:00,2018-04-29 06:20:00,50,4.2,39.1,短时平稳段
2018/pressures:n215,2018-05-01 01:55:00,2018-05-01 06:00:00,50,4.2,39.1,短时平稳段
2019/pressures:n215,2019-05-01 01:55:00,2019-05-01 06:00:00,50,4.2,39.1,短时平稳段
2018/pressures:n215,2018-11-04 02:10:00,2018-11-04 06:20:00,51,4.2,39.1,短时平稳段
2018/pressures:n215,2018-04-06 03:25:00,2018-04-06 07:35:00,51,4.2,39.1,短时平稳段
2018/pressures:n215,2018-10-03 02:10:00,2018-10-03 06:15:00,50,4.2,39.1,短时平稳段
2018/pressures:n215,2018-09-26 02:15:00,2018-09-26 06:20:00,50,4.2,39.1,短时平稳段
2019/pressures:n215,2019-01-05 02:50:00,2019-01-05 06:50:00,49,4.1,39.1,短时平稳段
2018/pressures:n215,2018-10-09 02:35:00,2018-10-09 06:35:00,49,4.1,39.1,短时平稳段
2018/pressures:n215,2018-10-28 02:45:00,2018-10-28 06:45:00,49,4.1,39.1,短时平稳段
2018/pressures:n215,2018-10-18 02:50:00,2018-10-18 06:50:00,49,4.1,39.1,短时平稳段
2018/pressures:n215,2018-08-02 02:20:00,2018-08-02 06:20:00,49,4.1,39.1,短时平稳段
2018/pressures:n215,2018-05-15 02:25:00,2018-05-15 06:25:00,49,4.1,39.1,短时平稳段
2018/pressures:n215,2018-09-02 02:30:00,2018-09-02 06:30:00,49,4.1,39.1,短时平稳段
2019/pressures:n215,2019-05-15 02:25:00,2019-05-15 06:25:00,49,4.1,39.1,短时平稳段
2018/pressures:n215,2018-01-05 02:50:00,2018-01-05 06:50:00,49,4.1,39.1,短时平稳段
2018/pressures:n215,2018-09-10 02:45:00,2018-09-10 06:40:00,48,4.0,39.1,短时平稳段
2018/pressures:n215,2018-10-04 02:30:00,2018-10-04 06:25:00,48,4.0,39.1,短时平稳段
2019/pressures:n215,2019-01-06 03:15:00,2019-01-06 07:10:00,48,4.0,39.1,短时平稳段
2018/pressures:n215,2018-01-06 03:15:00,2018-01-06 07:10:00,48,4.0,39.1,短时平稳段
2019/pressures:n215,2019-05-24 02:40:00,2019-05-24 06:35:00,48,4.0,39.1,短时平稳段
2018/pressures:n215,2018-05-24 02:40:00,2018-05-24 06:35:00,48,4.0,39.1,短时平稳段
2019/pressures:n215,2019-03-16 03:10:00,2019-03-16 07:05:00,48,4.0,39.1,短时平稳段
2018/pressures:n215,2018-11-07 02:35:00,2018-11-07 06:30:00,48,4.0,39.1,短时平稳段
2018/pressures:n215,2018-11-19 02:55:00,2018-11-19 06:50:00,48,4.0,39.1,短时平稳段
2019/pressures:n215,2019-05-06 02:45:00,2019-05-06 06:35:00,47,3.9,39.1,短时平稳段
2019/pressures:n215,2019-03-23 03:20:00,2019-03-23 07:10:00,47,3.9,39.1,短时平稳段
2018/pressures:n215,2018-05-06 02:45:00,2018-05-06 06:35:00,47,3.9,39.1,短时平稳段
2018/pressures:n215,2018-10-14 02:30:00,2018-10-14 06:20:00,47,3.9,39.1,短时平稳段
2018/pressures:n215,2018-09-18 02:50:00,2018-09-18 06:30:00,45,3.8,39.1,短时平稳段
2019/levels:T1,2019-12-12 09:55:00,2019-12-12 13:40:00,46,3.8,2.39,短时平稳段
2018/pressures:n215,2018-08-23 02:50:00,2018-08-23 06:35:00,46,3.8,39.1,短时平稳段
2018/pressures:n215,2018-03-03 03:55:00,2018-03-03 07:40:00,46,3.8,39.1,短时平稳段
2018/pressures:n215,2018-11-13 02:30:00,2018-11-13 06:10:00,45,3.8,39.1,短时平稳段
2018/pressures:n215,2018-12-28 03:35:00,2018-12-28 07:15:00,45,3.8,39.1,短时平稳段
2018/pressures:n215,2018-08-08 02:40:00,2018-08-08 06:20:00,45,3.8,39.1,短时平稳段
2018/pressures:n215,2018-07-11 02:20:00,2018-07-11 06:05:00,46,3.8,39.1,短时平稳段
2018/pressures:n215,2018-12-21 03:30:00,2018-12-21 07:10:00,45,3.8,39.1,短时平稳段
2019/pressures:n215,2019-03-03 03:55:00,2019-03-03 07:40:00,46,3.8,39.1,短时平稳段
2019/pressures:n215,2019-04-13 03:35:00,2019-04-13 07:10:00,44,3.7,39.1,短时平稳段
2018/pressures:n215,2018-09-05 03:00:00,2018-09-05 06:35:00,44,3.7,39.1,短时平稳段
2018/pressures:n215,2018-04-13 03:35:00,2018-04-13 07:10:00,44,3.7,39.1,短时平稳段
2018/pressures:n215,2018-08-26 03:05:00,2018-08-26 06:40:00,44,3.7,39.1,短时平稳段
2018/pressures:n215,2018-07-17 02:45:00,2018-07-17 06:20:00,44,3.7,39.1,短时平稳段
2018/pressures:n215,2018-07-23 02:55:00,2018-07-23 06:30:00,44,3.7,39.1,短时平稳段
2018/pressures:n215,2018-08-07 02:35:00,2018-08-07 06:10:00,44,3.7,39.1,短时平稳段
2018/pressures:n215,2018-07-25 02:35:00,2018-07-25 06:10:00,44,3.7,39.1,短时平稳段
2018/pressures:n215,2018-07-04 02:25:00,2018-07-04 05:55:00,43,3.6,39.1,短时平稳段
2019/pressures:n215,2019-07-04 02:25:00,2019-07-04 05:55:00,43,3.6,39.1,短时平稳段
2019/pressures:n215,2019-07-05 02:30:00,2019-07-05 06:00:00,43,3.6,39.1,短时平稳段
2018/pressures:n215,2018-07-05 02:30:00,2018-07-05 06:00:00,43,3.6,39.1,短时平稳段
2018/pressures:n215,2018-05-13 03:05:00,2018-05-13 06:35:00,43,3.6,39.1,短时平稳段
2018/pressures:n215,2018-08-17 03:45:00,2018-08-17 07:15:00,43,3.6,39.1,短时平稳段
2018/pressures:n215,2018-04-20 03:20:00,2018-04-20 06:50:00,43,3.6,39.1,短时平稳段
2018/pressures:n215,2018-11-08 02:50:00,2018-11-08 06:20:00,43,3.6,39.1,短时平稳段
2018/pressures:n215,2018-09-24 02:40:00,2018-09-24 06:10:00,43,3.6,39.1,短时平稳段
2018/pressures:n215,2018-06-15 03:05:00,2018-06-15 06:35:00,43,3.6,39.1,短时平稳段
2019/pressures:n215,2019-04-20 03:20:00,2019-04-20 06:50:00,43,3.6,39.1,短时平稳段
2019/pressures:n215,2019-05-13 03:05:00,2019-05-13 06:35:00,43,3.6,39.1,短时平稳段
2019/pressures:n215,2019-06-15 03:05:00,2019-06-15 06:35:00,43,3.6,39.1,短时平稳段
2018/pressures:n215,2018-07-24 02:40:00,2018-07-24 06:10:00,43,3.6,39.1,短时平稳段
2018/pressures:n215,2018-08-19 02:10:00,2018-08-19 05:35:00,42,3.5,39.1,短时平稳段
2019/pressures:n215,2019-03-30 03:25:00,2019-03-30 06:50:00,42,3.5,39.1,短时平稳段
2018/pressures:n215,2018-07-08 02:35:00,2018-07-08 06:00:00,42,3.5,39.1,短时平稳段
2019/pressures:n215,2019-07-03 02:25:00,2019-07-03 05:50:00,42,3.5,39.1,短时平稳段
2018/pressures:n215,2018-03-30 03:25:00,2018-03-30 06:50:00,42,3.5,39.1,短时平稳段
2018/pressures:n215,2018-10-15 02:55:00,2018-10-15 06:20:00,42,3.5,39.1,短时平稳段
2019/pressures:n215,2019-07-08 02:35:00,2019-07-08 06:00:00,42,3.5,39.1,短时平稳段
2018/pressures:n215,2018-07-03 02:25:00,2018-07-03 05:50:00,42,3.5,39.1,短时平稳段
2019/levels:T1,2019-10-12 10:45:00,2019-10-12 14:05:00,41,3.4,3.33,短时平稳段
2018/levels:T1,2018-07-30 18:45:00,2018-07-30 22:05:00,41,3.4,2.27,短时平稳段
2018/pressures:n215,2018-09-12 02:45:00,2018-09-12 06:00:00,40,3.3,39.1,短时平稳段
2019/levels:T1,2019-09-02 07:50:00,2019-09-02 11:00:00,39,3.2,3.65,短时平稳段
2019/pressures:n215,2019-06-08 03:20:00,2019-06-08 06:25:00,38,3.2,39.1,短时平稳段
2018/pressures:n215,2018-07-12 03:10:00,2018-07-12 06:15:00,38,3.2,39.1,短时平稳段
2019/levels:T1,2019-07-02 09:30:00,2019-07-02 12:35:00,38,3.2,3.76,短时平稳段
2018/pressures:n215,2018-06-08 03:20:00,2018-06-08 06:25:00,38,3.2,39.1,短时平稳段
2019/levels:T1,2019-09-01 12:30:00,2019-09-01 15:40:00,39,3.2,3.01,短时平稳段
2018/levels:T1,2018-08-10 19:30:00,2018-08-10 22:30:00,37,3.1,2.1,短时平稳段
2018/pressures:n215,2018-09-23 02:55:00,2018-09-23 05:55:00,37,3.1,39.1,短时平稳段
2019/levels:T1,2019-04-26 07:25:00,2019-04-26 10:25:00,37,3.1,3.77,短时平稳段
2018/pressures:n215,2018-03-31 04:15:00,2018-03-31 07:15:00,37,3.1,39.1,短时平稳段
2018/pressures:n215,2018-09-30 03:05:00,2018-09-30 06:05:00,37,3.1,39.1,短时平稳段
2019/pressures:n215,2019-03-31 04:15:00,2019-03-31 07:15:00,37,3.1,39.1,短时平稳段
2018/pressures:n215,2018-11-11 03:15:00,2018-11-11 06:15:00,37,3.1,39.1,短时平稳段
2018/pressures:n215,2018-02-20 15:30:00,2018-02-20 18:25:00,36,3.0,39.09,短时平稳段
2019/pressures:n215,2019-05-27 03:35:00,2019-05-27 06:30:00,36,3.0,39.1,短时平稳段
2018/pressures:n215,2018-09-09 03:15:00,2018-09-09 06:10:00,36,3.0,39.1,短时平稳段
2019/pressures:n215,2019-02-20 15:30:00,2019-02-20 18:25:00,36,3.0,39.09,短时平稳段
2018/pressures:n215,2018-05-27 03:35:00,2018-05-27 06:30:00,36,3.0,39.1,短时平稳段
2019/levels:T1,2019-08-24 10:10:00,2019-08-24 13:00:00,35,2.9,3.82,短时平稳段
2018/pressures:n215,2018-10-21 02:50:00,2018-10-21 05:40:00,35,2.9,39.1,短时平稳段
2018/pressures:n215,2018-10-25 03:10:00,2018-10-25 05:55:00,34,2.8,39.1,短时平稳段
2019/pressures:n215,2019-02-23 11:25:00,2019-02-23 14:10:00,34,2.8,39.09,短时平稳段
2018/pressures:n215,2018-08-12 03:45:00,2018-08-12 06:25:00,33,2.8,39.1,短时平稳段
2018/pressures:n215,2018-07-29 03:15:00,2018-07-29 06:00:00,34,2.8,39.1,短时平稳段
2018/pressures:n215,2018-02-23 11:25:00,2018-02-23 14:10:00,34,2.8,39.09,短时平稳段
2019/levels:T1,2019-09-23 12:45:00,2019-09-23 15:25:00,33,2.8,2.3,短时平稳段
2019/levels:T1,2019-11-05 09:20:00,2019-11-05 12:05:00,34,2.8,3.84,短时平稳段
2019/levels:T1,2019-08-24 16:15:00,2019-08-24 18:50:00,32,2.7,3.85,短时平稳段
2019/levels:T1,2019-09-08 13:00:00,2019-09-08 15:35:00,32,2.7,3.63,短时平稳段
2019/levels:T1,2019-07-09 10:05:00,2019-07-09 12:40:00,32,2.7,2.4,短时平稳段
2019/levels:T1,2019-07-22 07:30:00,2019-07-22 10:05:00,32,2.7,3.57,短时平稳段
2019/pressures:n215,2019-03-17 04:40:00,2019-03-17 07:15:00,32,2.7,39.1,短时平稳段
2018/pressures:n215,2018-09-27 03:05:00,2018-09-27 05:35:00,31,2.6,39.1,短时平稳段
2019/levels:T1,2019-09-18 17:50:00,2019-09-18 20:20:00,31,2.6,3.06,短时平稳段
2018/pressures:n215,2018-01-20 04:40:00,2018-01-20 07:05:00,30,2.5,39.1,短时平稳段
2018/levels:T1,2018-07-29 11:10:00,2018-07-29 13:35:00,30,2.5,2.37,短时平稳段
2018/levels:T1,2018-08-05 21:35:00,2018-08-06 00:00:00,30,2.5,3.35,短时平稳段
2019/pressures:n215,2019-09-17 01:50:00,2019-09-17 04:15:00,30,2.5,39.08,短时平稳段
2019/pressures:n215,2019-05-18 03:20:00,2019-05-18 05:45:00,30,2.5,39.1,短时平稳段
2019/levels:T1,2019-12-10 06:35:00,2019-12-10 09:00:00,30,2.5,2.91,短时平稳段
2019/levels:T1,2019-10-26 13:10:00,2019-10-26 15:35:00,30,2.5,2.84,短时平稳段
2018/pressures:n215,2018-05-18 03:20:00,2018-05-18 05:45:00,30,2.5,39.1,短时平稳段
2019/pressures:n215,2019-01-20 04:40:00,2019-01-20 07:05:00,30,2.5,39.1,短时平稳段
2019/levels:T1,2019-08-20 13:20:00,2019-08-20 15:45:00,30,2.5,2.36,短时平稳段
2018/levels:T1,2018-08-11 16:25:00,2018-08-11 18:45:00,29,2.4,2.42,短时平稳段
2019/levels:T1,2019-10-02 12:10:00,2019-10-02 14:30:00,29,2.4,2.38,短时平稳段
2019/levels:T1,2019-09-04 17:25:00,2019-09-04 19:45:00,29,2.4,2.85,短时平稳段
2018/levels:T1,2018-08-04 12:45:00,2018-08-04 15:05:00,29,2.4,3.07,短时平稳段
2019/levels:T1,2019-11-19 09:55:00,2019-11-19 12:15:00,29,2.4,3.13,短时平稳段
2018/pressures:n215,2018-11-30 03:30:00,2018-11-30 05:50:00,29,2.4,39.1,短时平稳段
2019/levels:T1,2019-09-18 12:35:00,2019-09-18 14:55:00,29,2.4,2.98,短时平稳段
2019/levels:T1,2019-12-10 10:15:00,2019-12-10 12:35:00,29,2.4,2.91,短时平稳段
2018/pressures:n215,2018-10-07 03:15:00,2018-10-07 05:35:00,29,2.4,39.1,短时平稳段
2019/levels:T1,2019-08-26 09:40:00,2019-08-26 11:55:00,28,2.3,3.51,短时平稳段
2019/pressures:n215,2019-01-31 08:35:00,2019-01-31 10:50:00,28,2.3,39.09,短时平稳段
2019/levels:T1,2019-08-10 17:50:00,2019-08-10 20:05:00,28,2.3,3.42,短时平稳段
2019/levels:T1,2019-09-10 16:50:00,2019-09-10 19:05:00,28,2.3,3.08,短时平稳段
2019/pressures:n215,2019-12-01 05:10:00,2019-12-01 07:25:00,28,2.3,39.08,短时平稳段
2018/pressures:n215,2018-12-01 05:10:00,2018-12-01 07:25:00,28,2.3,39.1,短时平稳段
2019/levels:T1,2019-10-05 11:30:00,2019-10-05 13:45:00,28,2.3,3.66,短时平稳段
2019/pressures:n215,2019-10-22 02:15:00,2019-10-22 04:30:00,28,2.3,39.08,短时平稳段
2019/levels:T1,2019-12-20 13:25:00,2019-12-20 15:40:00,28,2.3,2.24,短时平稳段
2019/levels:T1,2019-12-17 10:35:00,2019-12-17 12:50:00,28,2.3,3.11,短时平稳段
2019/levels:T1,2019-11-18 08:50:00,2019-11-18 11:05:00,28,2.3,3.9,短时平稳段
2019/levels:T1,2019-09-11 13:30:00,2019-09-11 15:45:00,28,2.3,3.42,短时平稳段
2018/pressures:n215,2018-01-31 08:35:00,2018-01-31 10:50:00,28,2.3,39.09,短时平稳段
2018/pressures:n740,2018-01-02 03:05:00,2018-01-02 05:20:00,28,2.3,43.99,短时平稳段
2019/levels:T1,2019-04-09 07:10:00,2019-04-09 09:15:00,26,2.2,3.72,短时平稳段
2018/pressures:n215,2018-01-26 14:00:00,2018-01-26 16:10:00,27,2.2,39.09,短时平稳段
2018/pressures:n215,2018-07-14 07:30:00,2018-07-14 09:35:00,26,2.2,39.09,短时平稳段
2019/pressures:n215,2019-06-01 03:45:00,2019-06-01 05:55:00,27,2.2,39.1,短时平稳段
2019/levels:T1,2019-08-03 11:10:00,2019-08-03 13:15:00,26,2.2,2.97,短时平稳段
2018/pressures:n215,2018-10-05 04:10:00,2018-10-05 06:15:00,26,2.2,39.1,短时平稳段
2019/pressures:n215,2019-03-10 05:30:00,2019-03-10 07:40:00,27,2.2,39.1,短时平稳段
2018/pressures:n215,2018-06-01 03:45:00,2018-06-01 05:55:00,27,2.2,39.1,短时平稳段
2019/pressures:n215,2019-02-06 11:35:00,2019-02-06 13:45:00,27,2.2,39.09,短时平稳段
2019/pressures:n215,2019-08-28 01:30:00,2019-08-28 03:35:00,26,2.2,39.08,短时平稳段
2019/levels:T1,2019-08-16 19:00:00,2019-08-16 21:05:00,26,2.2,3.25,短时平稳段
2019/pressures:n215,2019-01-26 14:00:00,2019-01-26 16:10:00,27,2.2,39.09,短时平稳段
2019/pressures:n215,2019-12-07 03:05:00,2019-12-07 05:15:00,27,2.2,39.08,短时平稳段
2018/levels:T1,2018-08-12 15:25:00,2018-08-12 17:30:00,26,2.2,2.74,短时平稳段
2019/pressures:n215,2019-09-02 02:30:00,2019-09-02 04:40:00,27,2.2,39.08,短时平稳段
2018/pressures:n215,2018-02-06 11:35:00,2018-02-06 13:45:00,27,2.2,39.09,短时平稳段
2019/levels:T1,2019-12-04 11:40:00,2019-12-04 13:50:00,27,2.2,2.4,短时平稳段
2018/pressures:n215,2018-08-03 04:10:00,2018-08-03 06:20:00,27,2.2,39.1,短时平稳段
2019/levels:T1,2019-06-13 09:30:00,2019-06-13 11:35:00,26,2.2,2.42,短时平稳段
2019/pressures:n215,2019-10-19 04:35:00,2019-10-19 06:45:00,27,2.2,39.08,短时平稳段
2019/levels:T1,2019-11-20 12:35:00,2019-11-20 14:40:00,26,2.2,2.39,短时平稳段
2018/pressures:n215,2018-10-19 04:35:00,2018-10-19 06:45:00,27,2.2,39.1,短时平稳段
2019/levels:T1,2019-10-10 12:00:00,2019-10-10 14:00:00,25,2.1,2.4,短时平稳段
2019/levels:T1,2019-11-13 13:30:00,2019-11-13 15:30:00,25,2.1,2.23,短时平稳段
2019/levels:T1,2019-02-15 11:25:00,2019-02-15 13:25:00,25,2.1,3.61,短时平稳段
2019/pressures:n215,2019-10-30 01:55:00,2019-10-30 03:55:00,25,2.1,39.08,短时平稳段
2018/pressures:n215,2018-04-07 03:55:00,2018-04-07 05:55:00,25,2.1,39.1,短时平稳段
2018/pressures:n215,2018-04-01 20:00:00,2018-04-01 22:00:00,25,2.1,39.09,短时平稳段
2018/pressures:n215,2018-11-24 04:45:00,2018-11-24 06:45:00,25,2.1,39.1,短时平稳段
2019/levels:T1,2019-10-24 11:05:00,2019-10-24 13:05:00,25,2.1,3.68,短时平稳段
2018/pressures:n215,2018-07-15 04:05:00,2018-07-15 06:05:00,25,2.1,39.1,短时平稳段
2019/levels:T1,2019-10-28 07:00:00,2019-10-28 09:00:00,25,2.1,2.71,短时平稳段
2018/pressures:n215,2018-12-15 22:55:00,2018-12-16 00:55:00,25,2.1,39.09,短时平稳段
2019/levels:T1,2019-06-17 08:20:00,2019-06-17 10:20:00,25,2.1,3.61,短时平稳段
2019/levels:T1,2019-06-05 11:45:00,2019-06-05 13:45:00,25,2.1,2.24,短时平稳段
2018/pressures:n215,2018-02-18 18:50:00,2018-02-18 20:50:00,25,2.1,39.09,短时平稳段
2018/pressures:n215,2018-06-29 04:15:00,2018-06-29 06:15:00,25,2.1,39.1,短时平稳段
2019/levels:T1,2019-03-19 07:55:00,2019-03-19 09:55:00,25,2.1,3.35,短时平稳段
2018/pressures:n215,2018-02-16 12:30:00,2018-02-16 14:30:00,25,2.1,39.09,短时平稳段
2019/pressures:n215,2019-11-15 01:55:00,2019-11-15 03:55:00,25,2.1,39.08,短时平稳段
2019/pressures:n215,2019-11-24 04:45:00,2019-11-24 06:45:00,25,2.1,39.08,短时平稳段
2019/pressures:n215,2019-04-01 20:00:00,2019-04-01 22:00:00,25,2.1,39.09,短时平稳段
2019/levels:T1,2019-10-19 08:50:00,2019-10-19 10:50:00,25,2.1,3.13,短时平稳段
2019/pressures:n215,2019-04-07 03:55:00,2019-04-07 05:55:00,25,2.1,39.1,短时平稳段
2019/pressures:n215,2019-02-16 12:30:00,2019-02-16 14:30:00,25,2.1,39.09,短时平稳段
2019/levels:T1,2019-03-15 07:40:00,2019-03-15 09:40:00,25,2.1,3.18,短时平稳段
2019/pressures:n215,2019-06-29 04:15:00,2019-06-29 06:15:00,25,2.1,39.1,短时平稳段
2018/pressures:n215,2018-08-12 22:35:00,2018-08-13 00:35:00,25,2.1,39.09,短时平稳段
2019/pressures:n215,2019-02-18 18:50:00,2019-02-18 20:50:00,25,2.1,39.09,短时平稳段
2019/levels:T1,2019-06-25 09:50:00,2019-06-25 11:50:00,25,2.1,3.72,短时平稳段
2018/pressures:n215,2018-03-24 10:35:00,2018-03-24 12:30:00,24,2.0,39.09,短时平稳段
2019/levels:T1,2019-10-08 09:55:00,2019-10-08 11:50:00,24,2.0,2.4,短时平稳段
2018/pressures:n215,2018-11-16 04:35:00,2018-11-16 06:30:00,24,2.0,39.1,短时平稳段
2019/pressures:n215,2019-04-28 04:35:00,2019-04-28 06:30:00,24,2.0,39.1,短时平稳段
2019/pressures:n215,2019-03-24 05:00:00,2019-03-24 06:55:00,24,2.0,39.1,短时平稳段
2019/levels:T1,2019-07-29 10:05:00,2019-07-29 12:00:00,24,2.0,3.25,短时平稳段
2019/levels:T1,2019-09-27 13:15:00,2019-09-27 15:10:00,24,2.0,2.93,短时平稳段
2019/levels:T1,2019-06-07 08:50:00,2019-06-07 10:45:00,24,2.0,2.4,短时平稳段
2019/pressures:n215,2019-03-24 10:35:00,2019-03-24 12:30:00,24,2.0,39.09,短时平稳段
2018/levels:T1,2018-07-23 10:30:00,2018-07-23 12:25:00,24,2.0,3.05,短时平稳段
2018/pressures:n215,2018-01-17 08:10:00,2018-01-17 10:05:00,24,2.0,39.09,短时平稳段
2018/pressures:n215,2018-04-28 04:35:00,2018-04-28 06:30:00,24,2.0,39.1,短时平稳段
2019/levels:T1,2019-11-14 08:05:00,2019-11-14 10:00:00,24,2.0,2.83,短时平稳段
2019/pressures:n215,2019-09-25 01:45:00,2019-09-25 03:40:00,24,2.0,39.08,短时平稳段
2019/pressures:n215,2019-09-11 02:20:00,2019-09-11 04:15:00,24,2.0,39.08,短时平稳段
2019/levels:T1,2019-08-09 19:00:00,2019-08-09 20:55:00,24,2.0,3.27,短时平稳段
2019/pressures:n215,2019-01-17 08:10:00,2019-01-17 10:05:00,24,2.0,39.09,短时平稳段
2018/pressures:n215,2018-05-04 05:20:00,2018-05-04 07:15:00,24,2.0,39.1,短时平稳段
2019/levels:T1,2019-02-22 11:30:00,2019-02-22 13:25:00,24,2.0,3.63,短时平稳段
2018/levels:T1,2018-07-27 01:55:00,2018-07-27 03:50:00,24,2.0,2.29,短时平稳段
2019/levels:T1,2019-07-31 09:35:00,2019-07-31 11:30:00,24,2.0,2.59,短时平稳段
2018/pressures:n215,2018-03-24 05:00:00,2018-03-24 06:55:00,24,2.0,39.1,短时平稳段
2019/pressures:n215,2019-05-04 05:20:00,2019-05-04 07:15:00,24,2.0,39.1,短时平稳段
2019/levels:T1,2019-07-25 12:15:00,2019-07-25 14:05:00,23,1.9,2.39,短时平稳段
2018/pressures:n215,2018-12-22 03:45:00,2018-12-22 05:35:00,23,1.9,39.1,短时平稳段
2018/pressures:n740,2018-01-21 03:30:00,2018-01-21 05:20:00,23,1.9,43.99,短时平稳段
2019/levels:T1,2019-10-15 13:35:00,2019-10-15 15:25:00,23,1.9,2.19,短时平稳段
2019/pressures:n215,2019-11-16 04:35:00,2019-11-16 06:25:00,23,1.9,39.08,短时平稳段
2019/levels:T1,2019-07-12 10:50:00,2019-07-12 12:40:00,23,1.9,3.29,短时平稳段
2019/levels:T1,2019-05-31 06:35:00,2019-05-31 08:25:00,23,1.9,3.76,短时平稳段
2019/levels:T1,2019-10-25 13:50:00,2019-10-25 15:40:00,23,1.9,2.24,短时平稳段
2019/pressures:n215,2019-03-31 14:25:00,2019-03-31 16:15:00,23,1.9,39.09,短时平稳段
2018/levels:T1,2018-07-30 16:50:00,2018-07-30 18:40:00,23,1.9,2.26,短时平稳段
2019/levels:T1,2019-10-02 10:15:00,2019-10-02 12:05:00,23,1.9,2.39,短时平稳段
2018/levels:T1,2018-08-05 13:20:00,2018-08-05 15:10:00,23,1.9,3.34,短时平稳段
2018/pressures:n215,2018-03-31 14:25:00,2018-03-31 16:15:00,23,1.9,39.09,短时平稳段
2019/pressures:n215,2019-12-11 01:05:00,2019-12-11 02:55:00,23,1.9,39.08,短时平稳段
2019/pressures:n215,2019-12-22 03:45:00,2019-12-22 05:35:00,23,1.9,39.08,短时平稳段
2019/pressures:n215,2019-08-29 02:40:00,2019-08-29 04:30:00,23,1.9,39.08,短时平稳段
2019/pressures:n215,2019-12-23 01:00:00,2019-12-23 02:50:00,23,1.9,39.08,短时平稳段
2018/pressures:n215,2018-04-28 08:55:00,2018-04-28 10:45:00,23,1.9,39.09,短时平稳段
2019/levels:T1,2019-08-26 07:25:00,2019-08-26 09:15:00,23,1.9,3.52,短时平稳段
2018/levels:T1,2018-08-01 21:10:00,2018-08-01 23:00:00,23,1.9,2.54,短时平稳段
2018/pressures:n215,2018-12-29 05:10:00,2018-12-29 07:00:00,23,1.9,39.1,短时平稳段
2019/pressures:n215,2019-04-28 08:55:00,2019-04-28 10:45:00,23,1.9,39.09,短时平稳段
2019/levels:T1,2019-10-30 10:30:00,2019-10-30 12:10:00,21,1.8,2.41,短时平稳段
2018/levels:T1,2018-08-10 06:40:00,2018-08-10 08:20:00,21,1.8,2.67,短时平稳段
2018/levels:T1,2018-08-06 21:10:00,2018-08-06 22:55:00,22,1.8,2.81,短时平稳段
2018/levels:T1,2018-08-07 21:00:00,2018-08-07 22:45:00,22,1.8,2.7,短时平稳段
2018/levels:T1,2018-07-22 09:05:00,2018-07-22 10:45:00,21,1.8,3.82,短时平稳段
2018/levels:T1,2018-08-11 13:55:00,2018-08-11 15:40:00,22,1.8,2.4,短时平稳段
2019/levels:T1,2019-08-07 18:05:00,2019-08-07 19:45:00,21,1.8,2.64,短时平稳段
2019/pressures:n215,2019-12-24 03:35:00,2019-12-24 05:20:00,22,1.8,39.09,短时平稳段
2019/pressures:n215,2019-10-16 01:55:00,2019-10-16 03:40:00,22,1.8,39.08,短时平稳段
2019/pressures:n215,2019-09-16 03:15:00,2019-09-16 05:00:00,22,1.8,39.08,短时平稳段
2019/levels:T1,2019-08-20 16:15:00,2019-08-20 18:00:00,22,1.8,2.38,短时平稳段
2019/levels:T1,2019-08-23 13:35:00,2019-08-23 15:20:00,22,1.8,3.12,短时平稳段
2018/levels:T1,2018-07-31 20:35:00,2018-07-31 22:15:00,21,1.8,2.4,短时平稳段
2019/pressures:n215,2019-01-29 15:55:00,2019-01-29 17:40:00,22,1.8,39.09,短时平稳段
2018/levels:T1,2018-07-16 08:10:00,2018-07-16 09:50:00,21,1.8,2.55,短时平稳段
2018/levels:T1,2018-08-03 16:55:00,2018-08-03 18:40:00,22,1.8,2.56,短时平稳段
2018/levels:T1,2018-08-03 20:30:00,2018-08-03 22:10:00,21,1.8,2.56,短时平稳段
2018/levels:T1,2018-07-29 13:40:00,2018-07-29 15:25:00,22,1.8,2.38,短时平稳段
2018/pressures:n215,2018-04-21 04:40:00,2018-04-21 06:20:00,21,1.8,39.1,短时平稳段
2018/pressures:n215,2018-04-14 04:35:00,2018-04-14 06:20:00,22,1.8,39.1,短时平稳段
2019/levels:T1,2019-12-29 09:30:00,2019-12-29 11:15:00,22,1.8,3.43,短时平稳段
2019/levels:T1,2019-08-13 15:50:00,2019-08-13 17:30:00,21,1.8,3.66,短时平稳段
2019/pressures:n215,2019-01-13 20:30:00,2019-01-13 22:15:00,22,1.8,39.09,短时平稳段
2018/pressures:n215,2018-05-26 02:05:00,2018-05-26 03:45:00,21,1.8,39.09,短时平稳段
2019/pressures:n215,2019-06-22 03:25:00,2019-06-22 05:05:00,21,1.8,39.1,短时平稳段
2019/levels:T1,2019-09-12 13:55:00,2019-09-12 15:35:00,21,1.8,2.17,短时平稳段
2018/pressures:n740,2018-12-12 03:25:00,2018-12-12 05:10:00,22,1.8,43.97,短时平稳段
2018/pressures:n215,2018-06-22 03:25:00,2018-06-22 05:05:00,21,1.8,39.1,短时平稳段
2018/levels:T1,2018-07-25 07:55:00,2018-07-25 09:40:00,22,1.8,3.38,短时平稳段
2019/pressures:n215,2019-08-10 05:05:00,2019-08-10 06:45:00,21,1.8,39.08,短时平稳段
2018/pressures:n215,2018-12-29 15:55:00,2018-12-29 17:35:00,21,1.8,39.09,短时平稳段
2019/pressures:n215,2019-05-04 03:25:00,2019-05-04 05:10:00,22,1.8,39.1,短时平稳段
2019/pressures:n215,2019-05-26 02:05:00,2019-05-26 03:45:00,21,1.8,39.09,短时平稳段
2018/pressures:n740,2018-01-10 03:45:00,2018-01-10 05:25:00,21,1.8,43.99,短时平稳段
2019/levels:T1,2019-09-20 19:20:00,2019-09-20 21:00:00,21,1.8,3.43,短时平稳段
2019/pressures:n215,2019-03-10 03:40:00,2019-03-10 05:20:00,21,1.8,39.1,短时平稳段
2018/pressures:n215,2018-12-18 22:10:00,2018-12-18 23:55:00,22,1.8,39.09,短时平稳段
2018/pressures:n215,2018-01-29 15:55:00,2018-01-29 17:40:00,22,1.8,39.09,短时平稳段
2019/levels:T1,2019-05-24 12:05:00,2019-05-24 13:50:00,22,1.8,3.7,短时平稳段
2019/levels:T1,2019-05-09 07:20:00,2019-05-09 09:00:00,21,1.8,3.89,短时平稳段
2018/pressures:n215,2018-02-24 15:55:00,2018-02-24 17:35:00,21,1.8,39.09,短时平稳段
2018/pressures:n215,2018-08-31 04:40:00,2018-08-31 06:20:00,21,1.8,39.1,短时平稳段
2019/pressures:n215,2019-02-24 15:55:00,2019-02-24 17:35:00,21,1.8,39.09,短时平稳段
2018/pressures:n215,2018-01-13 20:30:00,2018-01-13 22:15:00,22,1.8,39.09,短时平稳段
2019/pressures:n215,2019-02-18 15:50:00,2019-02-18 17:35:00,22,1.8,39.09,短时平稳段
2018/pressures:n215,2018-08-10 05:05:00,2018-08-10 06:45:00,21,1.8,39.1,短时平稳段
2018/pressures:n215,2018-05-04 03:25:00,2018-05-04 05:10:00,22,1.8,39.1,短时平稳段
2019/levels:T1,2019-11-05 07:10:00,2019-11-05 08:50:00,21,1.8,3.86,短时平稳段
2019/levels:T1,2019-10-09 12:10:00,2019-10-09 13:50:00,21,1.8,3.18,短时平稳段
2019/levels:T1,2019-07-18 12:50:00,2019-07-18 14:35:00,22,1.8,3.19,短时平稳段
2019/levels:T1,2019-10-16 11:15:00,2019-10-16 13:00:00,22,1.8,2.77,短时平稳段
2018/pressures:n215,2018-12-29 03:15:00,2018-12-29 05:00:00,22,1.8,39.1,短时平稳段
2018/pressures:n215,2018-11-23 05:05:00,2018-11-23 06:45:00,21,1.8,39.1,短时平稳段
2019/levels:T1,2019-10-07 06:45:00,2019-10-07 08:25:00,21,1.8,3.46,短时平稳段
2018/pressures:n215,2018-02-18 15:50:00,2018-02-18 17:35:00,22,1.8,39.09,短时平稳段
2019/levels:T1,2019-12-13 11:10:00,2019-12-13 12:50:00,21,1.8,3.14,短时平稳段
2019/pressures:n215,2019-04-14 04:35:00,2019-04-14 06:20:00,22,1.8,39.1,短时平稳段
2019/pressures:n215,2019-04-21 04:40:00,2019-04-21 06:20:00,21,1.8,39.1,短时平稳段
2018/pressures:n215,2018-11-09 04:15:00,2018-11-09 05:55:00,21,1.8,39.1,短时平稳段
2019/levels:T1,2019-11-25 10:45:00,2019-11-25 12:30:00,22,1.8,3.1,短时平稳段
2019/pressures:n215,2019-11-23 05:05:00,2019-11-23 06:45:00,21,1.8,39.08,短时平稳段
2019/levels:T1,2019-11-23 11:50:00,2019-11-23 13:35:00,22,1.8,3.24,短时平稳段
2019/levels:T1,2019-11-25 08:25:00,2019-11-25 10:00:00,20,1.7,3.09,短时平稳段
2019/levels:T1,2019-11-21 11:45:00,2019-11-21 13:20:00,20,1.7,3.07,短时平稳段
2019/pressures:n215,2019-01-20 00:15:00,2019-01-20 01:50:00,20,1.7,39.09,短时平稳段
2019/levels:T1,2019-12-27 13:45:00,2019-12-27 15:20:00,20,1.7,3.06,短时平稳段
2019/levels:T1,2019-11-27 06:40:00,2019-11-27 08:15:00,20,1.7,3.05,短时平稳段
2018/pressures:n215,2018-02-08 17:30:00,2018-02-08 19:05:00,20,1.7,39.09,短时平稳段
2018/pressures:n215,2018-12-08 05:15:00,2018-12-08 06:50:00,20,1.7,39.1,短时平稳段
2019/levels:T1,2019-07-10 10:20:00,2019-07-10 11:55:00,20,1.7,3.44,短时平稳段
2019/pressures:n215,2019-03-26 07:25:00,2019-03-26 09:00:00,20,1.7,39.09,短时平稳段
2018/pressures:n215,2018-12-22 05:45:00,2018-12-22 07:20:00,20,1.7,39.1,短时平稳段
2019/levels:T1,2019-10-09 18:30:00,2019-10-09 20:05:00,20,1.7,3.29,短时平稳段
2018/pressures:n215,2018-12-15 04:30:00,2018-12-15 06:05:00,20,1.7,39.1,短时平稳段
2018/pressures:n215,2018-02-03 18:10:00,2018-02-03 19:45:00,20,1.7,39.09,短时平稳段
2019/pressures:n215,2019-02-03 18:10:00,2019-02-03 19:45:00,20,1.7,39.09,短时平稳段
2019/pressures:n740,2019-03-06 03:30:00,2019-03-06 05:05:00,20,1.7,43.97,短时平稳段
2018/pressures:n215,2018-06-22 05:15:00,2018-06-22 06:50:00,20,1.7,39.1,短时平稳段
2019/levels:T1,2019-10-29 07:00:00,2019-10-29 08:35:00,20,1.7,3.62,短时平稳段
2018/levels:T1,2018-08-11 19:00:00,2018-08-11 20:35:00,20,1.7,2.43,短时平稳段
2018/pressures:n215,2018-04-27 04:45:00,2018-04-27 06:20:00,20,1.7,39.1,短时平稳段
2018/levels:T1,2018-08-09 17:45:00,2018-08-09 19:20:00,20,1.7,2.37,短时平稳段
2018/levels:T1,2018-08-10 16:05:00,2018-08-10 17:40:00,20,1.7,2.13,短时平稳段
2019/pressures:n215,2019-08-31 04:45:00,2019-08-31 06:20:00,20,1.7,39.08,短时平稳段
2019/levels:T1,2019-03-13 08:20:00,2019-03-13 09:55:00,20,1.7,3.87,短时平稳段
2019/pressures:n215,2019-02-08 17:30:00,2019-02-08 19:05:00,20,1.7,39.09,短时平稳段
2019/levels:T1,2019-09-13 13:20:00,2019-09-13 14:55:00,20,1.7,2.48,短时平稳段
2019/pressures:n215,2019-01-01 21:15:00,2019-01-01 22:50:00,20,1.7,39.09,短时平稳段
2019/levels:T1,2019-10-23 09:15:00,2019-10-23 10:50:00,20,1.7,2.78,短时平稳段
2019/pressures:n215,2019-06-22 05:15:00,2019-06-22 06:50:00,20,1.7,39.1,短时平稳段
2019/pressures:n215,2019-07-08 00:15:00,2019-07-08 01:50:00,20,1.7,39.09,短时平稳段
2018/pressures:n215,2018-01-21 18:30:00,2018-01-21 20:05:00,20,1.7,39.09,短时平稳段
2018/pressures:n215,2018-01-20 00:15:00,2018-01-20 01:50:00,20,1.7,39.09,短时平稳段
2019/levels:T1,2019-05-31 12:00:00,2019-05-31 13:35:00,20,1.7,3.8,短时平稳段
2019/pressures:n215,2019-02-17 17:55:00,2019-02-17 19:30:00,20,1.7,39.09,短时平稳段
2018/pressures:n215,2018-03-26 07:25:00,2018-03-26 09:00:00,20,1.7,39.09,短时平稳段
2018/pressures:n215,2018-08-12 02:00:00,2018-08-12 03:35:00,20,1.7,39.1,短时平稳段
2019/levels:T1,2019-07-30 14:15:00,2019-07-30 15:50:00,20,1.7,2.11,短时平稳段
2018/pressures:n215,2018-01-25 10:35:00,2018-01-25 12:10:00,20,1.7,39.09,短时平稳段
2018/pressures:n215,2018-01-01 21:15:00,2018-01-01 22:50:00,20,1.7,39.09,短时平稳段
2018/pressures:n215,2018-07-08 00:15:00,2018-07-08 01:50:00,20,1.7,39.09,短时平稳段
2019/levels:T1,2019-10-21 07:50:00,2019-10-21 09:25:00,20,1.7,3.42,短时平稳段
2019/levels:T1,2019-06-06 09:30:00,2019-06-06 11:05:00,20,1.7,3.38,短时平稳段
2019/pressures:n215,2019-04-27 04:45:00,2019-04-27 06:20:00,20,1.7,39.1,短时平稳段
2019/levels:T1,2019-07-24 17:55:00,2019-07-24 19:30:00,20,1.7,3.37,短时平稳段
2019/levels:T1,2019-07-24 12:00:00,2019-07-24 13:35:00,20,1.7,3.25,短时平稳段
2018/pressures:n215,2018-02-17 17:55:00,2018-02-17 19:30:00,20,1.7,39.09,短时平稳段
2019/levels:T1,2019-09-27 19:25:00,2019-09-27 21:00:00,20,1.7,3.03,短时平稳段
2018/pressures:n215,2018-08-24 03:35:00,2018-08-24 05:10:00,20,1.7,39.1,短时平稳段
2019/levels:T1,2019-08-30 13:55:00,2019-08-30 15:30:00,20,1.7,3.28,短时平稳段
2019/levels:T1,2019-12-17 08:55:00,2019-12-17 10:30:00,20,1.7,3.12,短时平稳段
2018/levels:T1,2018-08-02 15:30:00,2018-08-02 17:05:00,20,1.7,2.54,短时平稳段
2018/levels:T1,2018-07-19 13:30:00,2018-07-19 15:05:00,20,1.7,1.95,短时平稳段
2019/pressures:n215,2019-12-15 04:30:00,2019-12-15 06:05:00,20,1.7,39.08,短时平稳段
2019/pressures:n215,2019-09-10 05:05:00,2019-09-10 06:40:00,20,1.7,39.08,短时平稳段
2019/levels:T1,2019-08-13 20:35:00,2019-08-13 22:10:00,20,1.7,3.68,短时平稳段
2019/pressures:n215,2019-11-04 02:10:00,2019-11-04 03:45:00,20,1.7,39.08,短时平稳段
2019/pressures:n215,2019-01-25 10:35:00,2019-01-25 12:10:00,20,1.7,39.09,短时平稳段
2019/pressures:n215,2019-01-21 18:30:00,2019-01-21 20:05:00,20,1.7,39.09,短时平稳段
2018/pressures:n215,2018-01-08 23:00:00,2018-01-09 00:30:00,19,1.6,39.09,短时平稳段
2019/levels:T1,2019-08-31 14:20:00,2019-08-31 15:50:00,19,1.6,2.4,短时平稳段
2019/levels:T1,2019-09-07 12:40:00,2019-09-07 14:10:00,19,1.6,3.1,短时平稳段
2019/pressures:n215,2019-08-30 01:40:00,2019-08-30 03:10:00,19,1.6,39.08,短时平稳段
2019/levels:T1,2019-03-26 08:25:00,2019-03-26 09:55:00,19,1.6,3.76,短时平稳段
2018/levels:T1,2018-08-09 20:25:00,2018-08-09 21:55:00,19,1.6,2.34,短时平稳段
2019/pressures:n215,2019-04-13 08:45:00,2019-04-13 10:15:00,19,1.6,39.09,短时平稳段
2018/pressures:n215,2018-02-07 12:50:00,2018-02-07 14:20:00,19,1.6,39.09,短时平稳段
2019/pressures:n215,2019-04-18 21:25:00,2019-04-18 22:55:00,19,1.6,39.09,短时平稳段
2018/pressures:n215,2018-02-07 16:25:00,2018-02-07 17:55:00,19,1.6,39.09,短时平稳段
2018/pressures:n215,2018-10-12 05:10:00,2018-10-12 06:40:00,19,1.6,39.1,短时平稳段
2019/pressures:n215,2019-03-25 22:55:00,2019-03-26 00:25:00,19,1.6,39.09,短时平稳段
2018/pressures:n215,2018-11-02 04:05:00,2018-11-02 05:35:00,19,1.6,39.1,短时平稳段
2018/pressures:n215,2018-12-14 09:20:00,2018-12-14 10:50:00,19,1.6,39.09,短时平稳段
2019/levels:T1,2019-12-25 07:05:00,2019-12-25 08:35:00,19,1.6,3.4,短时平稳段
2019/levels:T1,2019-12-28 09:15:00,2019-12-28 10:45:00,19,1.6,3.89,短时平稳段
2019/levels:T1,2019-07-11 10:15:00,2019-07-11 11:45:00,19,1.6,2.4,短时平稳段
2018/pressures:n215,2018-12-19 21:40:00,2018-12-19 23:10:00,19,1.6,39.09,短时平稳段
2019/levels:T1,2019-10-07 11:10:00,2019-10-07 12:40:00,19,1.6,3.41,短时平稳段
2019/levels:T1,2019-10-09 06:40:00,2019-10-09 08:10:00,19,1.6,3.24,短时平稳段
2019/pressures:n215,2019-03-18 22:35:00,2019-03-19 00:05:00,19,1.6,39.09,短时平稳段
2018/pressures:n215,2018-12-22 01:05:00,2018-12-22 02:35:00,19,1.6,39.09,短时平稳段
2019/levels:T1,2019-11-21 06:55:00,2019-11-21 08:25:00,19,1.6,3.13,短时平稳段
2019/pressures:n215,2019-11-09 04:25:00,2019-11-09 05:55:00,19,1.6,39.08,短时平稳段
2018/pressures:n215,2018-04-18 21:25:00,2018-04-18 22:55:00,19,1.6,39.09,短时平稳段
2018/levels:T1,2018-08-03 07:05:00,2018-08-03 08:35:00,19,1.6,2.81,短时平稳段
2019/pressures:n215,2019-10-14 04:00:00,2019-10-14 05:30:00,19,1.6,39.08,短时平稳段
2018/pressures:n215,2018-04-13 08:45:00,2018-04-13 10:15:00,19,1.6,39.09,短时平稳段
2019/pressures:n215,2019-09-30 03:05:00,2019-09-30 04:35:00,19,1.6,39.08,短时平稳段
2018/levels:T1,2018-07-29 22:15:00,2018-07-29 23:45:00,19,1.6,2.49,短时平稳段
2019/pressures:n740,2019-01-02 03:30:00,2019-01-02 05:00:00,19,1.6,43.97,短时平稳段
2019/pressures:n215,2019-01-08 23:00:00,2019-01-09 00:30:00,19,1.6,39.09,短时平稳段
2019/pressures:n215,2019-02-07 16:25:00,2019-02-07 17:55:00,19,1.6,39.09,短时平稳段
2019/levels:T1,2019-08-16 13:55:00,2019-08-16 15:25:00,19,1.6,3.18,短时平稳段
2019/pressures:n215,2019-12-24 00:15:00,2019-12-24 01:45:00,19,1.6,39.08,短时平稳段
2019/levels:T1,2019-08-21 14:35:00,2019-08-21 16:05:00,19,1.6,2.36,短时平稳段
2019/pressures:n215,2019-01-30 18:05:00,2019-01-30 19:35:00,19,1.6,39.09,短时平稳段
2019/pressures:n215,2019-02-07 12:50:00,2019-02-07 14:20:00,19,1.6,39.09,短时平稳段
2019/pressures:n215,2019-02-19 18:20:00,2019-02-19 19:50:00,19,1.6,39.09,短时平稳段
2019/levels:T1,2019-07-31 12:10:00,2019-07-31 13:40:00,19,1.6,2.59,短时平稳段
2019/levels:T1,2019-08-07 07:00:00,2019-08-07 08:30:00,19,1.6,2.61,短时平稳段
2019/levels:T1,2019-10-31 12:25:00,2019-10-31 13:55:00,19,1.6,3.23,短时平稳段
2019/levels:T1,2019-05-28 10:05:00,2019-05-28 11:35:00,19,1.6,3.54,短时平稳段
2019/pressures:n215,2019-07-16 04:55:00,2019-07-16 06:25:00,19,1.6,39.08,短时平稳段
2018/pressures:n215,2018-03-25 22:55:00,2018-03-26 00:25:00,19,1.6,39.09,短时平稳段
2018/pressures:n215,2018-05-25 04:45:00,2018-05-25 06:15:00,19,1.6,39.1,短时平稳段
2019/pressures:n215,2019-05-25 04:45:00,2019-05-25 06:15:00,19,1.6,39.1,短时平稳段
2018/pressures:n740,2018-01-01 02:50:00,2018-01-01 04:20:00,19,1.6,43.99,短时平稳段
2019/levels:T1,2019-05-14 11:30:00,2019-05-14 13:00:00,19,1.6,3.31,短时平稳段
2019/pressures:n215,2019-07-19 03:10:00,2019-07-19 04:40:00,19,1.6,39.08,短时平稳段
2019/levels:T1,2019-06-10 09:10:00,2019-06-10 10:40:00,19,1.6,3.47,短时平稳段
2018/pressures:n215,2018-01-30 18:05:00,2018-01-30 19:35:00,19,1.6,39.09,短时平稳段
2019/levels:T1,2019-07-29 08:30:00,2019-07-29 10:00:00,19,1.6,3.26,短时平稳段
2018/pressures:n215,2018-02-19 18:20:00,2018-02-19 19:50:00,19,1.6,39.09,短时平稳段
2018/pressures:n215,2018-09-16 23:25:00,2018-09-17 00:50:00,18,1.5,39.09,短时平稳段
2018/pressures:n215,2018-12-21 00:20:00,2018-12-21 01:45:00,18,1.5,39.09,短时平稳段
2018/pressures:n215,2018-09-16 04:30:00,2018-09-16 05:55:00,18,1.5,39.1,短时平稳段
2018/pressures:n215,2018-02-13 09:15:00,2018-02-13 10:40:00,18,1.5,39.09,短时平稳段
2019/levels:T1,2019-06-22 09:05:00,2019-06-22 10:30:00,18,1.5,3.76,短时平稳段
2019/pressures:n215,2019-05-03 08:45:00,2019-05-03 10:10:00,18,1.5,39.08,短时平稳段
2018/pressures:n215,2018-02-09 19:45:00,2018-02-09 21:10:00,18,1.5,39.09,短时平稳段
2019/levels:T1,2019-07-09 07:35:00,2019-07-09 09:00:00,18,1.5,2.4,短时平稳段
2018/pressures:n215,2018-02-05 20:20:00,2018-02-05 21:45:00,18,1.5,39.09,短时平稳段
2018/pressures:n215,2018-10-15 01:20:00,2018-10-15 02:45:00,18,1.5,39.1,短时平稳段
2019/levels:T1,2019-11-20 18:20:00,2019-11-20 19:45:00,18,1.5,2.49,短时平稳段
2019/levels:T1,2019-11-22 19:05:00,2019-11-22 20:30:00,18,1.5,2.48,短时平稳段
2019/levels:T1,2019-12-12 08:25:00,2019-12-12 09:50:00,18,1.5,2.4,短时平稳段
2019/levels:T1,2019-12-11 12:50:00,2019-12-11 14:15:00,18,1.5,3.67,短时平稳段
2019/levels:T1,2019-11-27 18:30:00,2019-11-27 19:55:00,18,1.5,3.08,短时平稳段
2019/levels:T1,2019-10-02 17:20:00,2019-10-02 18:45:00,18,1.5,2.46,短时平稳段
2019/levels:T1,2019-09-22 09:55:00,2019-09-22 11:20:00,18,1.5,3.22,短时平稳段
2019/levels:T1,2019-09-21 16:55:00,2019-09-21 18:20:00,18,1.5,2.49,短时平稳段
2019/levels:T1,2019-10-14 10:10:00,2019-10-14 11:35:00,18,1.5,3.29,短时平稳段
2019/pressures:n215,2019-05-18 07:35:00,2019-05-18 09:00:00,18,1.5,39.09,短时平稳段
2019/levels:T1,2019-07-23 10:50:00,2019-07-23 12:15:00,18,1.5,2.32,短时平稳段
2019/levels:T1,2019-06-18 10:35:00,2019-06-18 12:00:00,18,1.5,2.86,短时平稳段
2019/levels:T1,2019-06-12 12:45:00,2019-06-12 14:10:00,18,1.5,3.43,短时平稳段
2019/levels:T1,2019-09-20 13:35:00,2019-09-20 15:00:00,18,1.5,3.37,短时平稳段
2019/pressures:n215,2019-05-12 08:00:00,2019-05-12 09:25:00,18,1.5,39.09,短时平稳段
2018/pressures:n215,2018-08-11 05:35:00,2018-08-11 07:00:00,18,1.5,39.1,短时平稳段
2019/levels:T1,2019-07-30 15:55:00,2019-07-30 17:20:00,18,1.5,2.12,短时平稳段
2019/pressures:n215,2019-06-30 04:35:00,2019-06-30 06:00:00,18,1.5,39.1,短时平稳段
2018/pressures:n215,2018-01-24 21:05:00,2018-01-24 22:30:00,18,1.5,39.09,短时平稳段
2018/pressures:n215,2018-02-26 17:10:00,2018-02-26 18:35:00,18,1.5,39.09,短时平稳段
2019/pressures:n215,2019-02-26 17:10:00,2019-02-26 18:35:00,18,1.5,39.09,短时平稳段
2019/levels:T1,2019-05-17 10:05:00,2019-05-17 11:30:00,18,1.5,3.85,短时平稳段
2019/levels:T1,2019-10-31 06:55:00,2019-10-31 08:20:00,18,1.5,3.31,短时平稳段
2019/levels:T1,2019-10-30 12:15:00,2019-10-30 13:40:00,18,1.5,2.42,短时平稳段
2018/pressures:n215,2018-05-03 08:45:00,2018-05-03 10:10:00,18,1.5,39.08,短时平稳段
2018/pressures:n215,2018-05-18 07:35:00,2018-05-18 09:00:00,18,1.5,39.09,短时平稳段
2018/pressures:n215,2018-05-12 08:00:00,2018-05-12 09:25:00,18,1.5,39.09,短时平稳段
2019/levels:T1,2019-09-13 19:10:00,2019-09-13 20:35:00,18,1.5,2.58,短时平稳段
2019/levels:T1,2019-09-16 12:05:00,2019-09-16 13:30:00,18,1.5,3.11,短时平稳段
2018/pressures:n215,2018-07-22 23:45:00,2018-07-23 01:10:00,18,1.5,39.09,短时平稳段
2019/levels:T1,2019-05-24 06:50:00,2019-05-24 08:15:00,18,1.5,3.69,短时平稳段
2019/pressures:n215,2019-08-17 04:55:00,2019-08-17 06:20:00,18,1.5,39.08,短时平稳段
2018/pressures:n740,2018-02-20 03:20:00,2018-02-20 04:45:00,18,1.5,43.99,短时平稳段
2019/levels:T1,2019-08-09 14:50:00,2019-08-09 16:15:00,18,1.5,3.23,短时平稳段
2019/levels:T1,2019-08-09 16:55:00,2019-08-09 18:20:00,18,1.5,3.25,短时平稳段
2018/pressures:n215,2018-06-30 04:35:00,2018-06-30 06:00:00,18,1.5,39.1,短时平稳段
2018/levels:T1,2018-08-12 13:55:00,2018-08-12 15:20:00,18,1.5,2.73,短时平稳段
2018/pressures:n740,2018-02-28 03:35:00,2018-02-28 05:00:00,18,1.5,43.99,短时平稳段
2018/levels:T1,2018-08-07 17:10:00,2018-08-07 18:35:00,18,1.5,2.75,短时平稳段
2018/levels:T1,2018-08-05 20:05:00,2018-08-05 21:30:00,18,1.5,3.36,短时平稳段
2019/levels:T1,2019-08-15 17:00:00,2019-08-15 18:25:00,18,1.5,2.94,短时平稳段
2019/levels:T1,2019-08-14 11:55:00,2019-08-14 13:20:00,18,1.5,2.32,短时平稳段
2018/levels:T1,2018-08-11 12:25:00,2018-08-11 13:50:00,18,1.5,2.39,短时平稳段
2019/pressures:n215,2019-02-09 19:45:00,2019-02-09 21:10:00,18,1.5,39.09,短时平稳段
2019/pressures:n215,2019-02-13 09:15:00,2019-02-13 10:40:00,18,1.5,39.09,短时平稳段
2019/pressures:n215,2019-02-05 20:20:00,2019-02-05 21:45:00,18,1.5,39.09,短时平稳段
2019/pressures:n215,2019-01-24 21:05:00,2019-01-24 22:30:00,18,1.5,39.09,短时平稳段
2019/levels:T1,2019-11-15 19:15:00,2019-11-15 20:40:00,18,1.5,3.51,短时平稳段
2019/pressures:n215,2019-09-19 05:20:00,2019-09-19 06:45:00,18,1.5,39.08,短时平稳段
2019/levels:T1,2019-11-07 03:30:00,2019-11-07 04:55:00,18,1.5,2.97,短时平稳段
2018/levels:T1,2018-08-08 21:35:00,2018-08-08 23:00:00,18,1.5,2.61,短时平稳段
2019/levels:T1,2019-08-30 20:15:00,2019-08-30 21:40:00,18,1.5,3.33,短时平稳段
2019/levels:T1,2019-09-05 06:25:00,2019-09-05 07:50:00,18,1.5,3.4,短时平稳段
2019/levels:T1,2019-12-30 09:25:00,2019-12-30 10:50:00,18,1.5,2.42,短时平稳段
2019/levels:T1,2019-12-10 13:00:00,2019-12-10 14:20:00,17,1.4,2.89,短时平稳段
2019/levels:T1,2019-12-23 09:20:00,2019-12-23 10:40:00,17,1.4,3.56,短时平稳段
2019/pressures:n215,2019-10-18 02:25:00,2019-10-18 03:45:00,17,1.4,39.08,短时平稳段
2018/levels:T1,2018-08-03 13:50:00,2018-08-03 15:10:00,17,1.4,2.58,短时平稳段
2019/levels:T1,2019-11-16 12:25:00,2019-11-16 13:45:00,17,1.4,2.43,短时平稳段
2019/levels:T1,2019-08-19 07:00:00,2019-08-19 08:20:00,17,1.4,3.36,短时平稳段
2019/pressures:n215,2019-01-20 19:35:00,2019-01-20 20:55:00,17,1.4,39.09,短时平稳段
2019/pressures:n215,2019-11-15 05:20:00,2019-11-15 06:40:00,17,1.4,39.08,短时平稳段
2018/levels:T1,2018-08-11 20:40:00,2018-08-11 22:00:00,17,1.4,2.44,短时平稳段
2018/levels:T1,2018-07-25 12:40:00,2018-07-25 14:00:00,17,1.4,3.34,短时平稳段
2018/pressures:n215,2018-05-07 23:25:00,2018-05-08 00:45:00,17,1.4,39.09,短时平稳段
2019/pressures:n215,2019-02-13 21:05:00,2019-02-13 22:25:00,17,1.4,39.09,短时平稳段
2019/levels:T1,2019-11-06 13:35:00,2019-11-06 14:55:00,17,1.4,2.46,短时平稳段
2018/pressures:n215,2018-06-02 05:40:00,2018-06-02 07:00:00,17,1.4,39.1,短时平稳段
2019/levels:T1,2019-03-18 07:25:00,2019-03-18 08:45:00,17,1.4,3.79,短时平稳段
2019/pressures:n215,2019-07-29 04:25:00,2019-07-29 05:45:00,17,1.4,39.08,短时平稳段
2019/levels:T1,2019-09-10 06:15:00,2019-09-10 07:35:00,17,1.4,3.2,短时平稳段
2018/pressures:n215,2018-03-28 23:15:00,2018-03-29 00:35:00,17,1.4,39.09,短时平稳段
2019/pressures:n215,2019-01-25 23:50:00,2019-01-26 01:10:00,17,1.4,39.09,短时平稳段
2019/levels:T1,2019-08-13 22:45:00,2019-08-14 00:05:00,17,1.4,3.7,短时平稳段
2019/levels:T1,2019-03-06 08:05:00,2019-03-06 09:25:00,17,1.4,2.44,短时平稳段
2018/pressures:n740,2018-02-01 03:55:00,2018-02-01 05:15:00,17,1.4,43.99,短时平稳段
2018/levels:T1,2018-08-06 17:35:00,2018-08-06 18:55:00,17,1.4,2.84,短时平稳段
2019/levels:T1,2019-08-30 17:10:00,2019-08-30 18:30:00,17,1.4,3.32,短时平稳段
2019/levels:T1,2019-08-13 17:35:00,2019-08-13 18:55:00,17,1.4,3.65,短时平稳段
2018/pressures:n296,2018-12-03 03:45:00,2018-12-03 05:05:00,17,1.4,42.73,短时平稳段
2019/levels:T1,2019-08-05 07:30:00,2019-08-05 08:50:00,17,1.4,3.28,短时平稳段
2019/levels:T1,2019-08-02 19:55:00,2019-08-02 21:15:00,17,1.4,2.39,短时平稳段
2019/levels:T1,2019-08-10 06:00:00,2019-08-10 07:20:00,17,1.4,3.78,短时平稳段
2019/levels:T1,2019-05-24 09:55:00,2019-05-24 11:15:00,17,1.4,3.68,短时平稳段
2019/levels:T1,2019-05-26 02:20:00,2019-05-26 03:40:00,17,1.4,3.45,短时平稳段
2019/levels:T1,2019-08-08 17:15:00,2019-08-08 18:35:00,17,1.4,3.08,短时平稳段
2018/pressures:n215,2018-01-25 23:50:00,2018-01-26 01:10:00,17,1.4,39.09,短时平稳段
2019/levels:T1,2019-05-22 07:25:00,2019-05-22 08:45:00,17,1.4,2.8,短时平稳段
2019/pressures:n215,2019-02-21 17:00:00,2019-02-21 18:20:00,17,1.4,39.09,短时平稳段
2019/pressures:n215,2019-06-02 05:40:00,2019-06-02 07:00:00,17,1.4,39.1,短时平稳段
2019/pressures:n215,2019-02-19 14:55:00,2019-02-19 16:15:00,17,1.4,39.09,短时平稳段
2019/pressures:n215,2019-02-14 19:35:00,2019-02-14 20:55:00,17,1.4,39.09,短时平稳段
2019/pressures:n215,2019-05-07 23:25:00,2019-05-08 00:45:00,17,1.4,39.09,短时平稳段
2019/levels:T1,2019-05-03 11:45:00,2019-05-03 13:05:00,17,1.4,2.36,短时平稳段
2018/pressures:n215,2018-05-11 05:25:00,2018-05-11 06:45:00,17,1.4,39.1,短时平稳段
2018/pressures:n215,2018-01-20 19:35:00,2018-01-20 20:55:00,17,1.4,39.09,短时平稳段
2019/pressures:n215,2019-06-16 04:35:00,2019-06-16 05:55:00,17,1.4,39.1,短时平稳段
2019/pressures:n215,2019-02-09 23:05:00,2019-02-10 00:25:00,17,1.4,39.09,短时平稳段
2018/pressures:n495,2018-04-05 03:45:00,2018-04-05 05:05:00,17,1.4,52.0,短时平稳段
2019/levels:T1,2019-10-22 13:40:00,2019-10-22 15:00:00,17,1.4,2.12,短时平稳段
2019/levels:T1,2019-05-17 07:10:00,2019-05-17 08:30:00,17,1.4,3.86,短时平稳段
2018/pressures:n215,2018-01-12 17:25:00,2018-01-12 18:45:00,17,1.4,39.09,短时平稳段
2019/levels:T1,2019-10-21 09:45:00,2019-10-21 11:05:00,17,1.4,3.43,短时平稳段
2018/pressures:n740,2018-02-18 03:50:00,2018-02-18 05:10:00,17,1.4,43.99,短时平稳段
2018/pressures:n215,2018-06-16 04:35:00,2018-06-16 05:55:00,17,1.4,39.1,短时平稳段
2018/levels:T1,2018-07-08 08:05:00,2018-07-08 09:25:00,17,1.4,3.8,短时平稳段
2019/pressures:n215,2019-01-12 17:25:00,2019-01-12 18:45:00,17,1.4,39.09,短时平稳段
2019/levels:T1,2019-04-10 08:55:00,2019-04-10 10:15:00,17,1.4,3.24,短时平稳段
2019/levels:T1,2019-09-06 13:25:00,2019-09-06 14:45:00,17,1.4,2.34,短时平稳段
2019/levels:T1,2019-09-09 11:40:00,2019-09-09 13:00:00,17,1.4,2.35,短时平稳段
2019/levels:T1,2019-06-07 10:55:00,2019-06-07 12:15:00,17,1.4,2.4,短时平稳段
2018/pressures:n740,2018-01-14 04:00:00,2018-01-14 05:20:00,17,1.4,43.99,短时平稳段
2019/pressures:n215,2019-05-11 05:25:00,2019-05-11 06:45:00,17,1.4,39.1,短时平稳段
2018/pressures:n215,2018-02-13 21:05:00,2018-02-13 22:25:00,17,1.4,39.09,短时平稳段
2019/pressures:n215,2019-03-28 23:15:00,2019-03-29 00:35:00,17,1.4,39.09,短时平稳段
2019/levels:T1,2019-07-20 09:50:00,2019-07-20 11:10:00,17,1.4,2.86,短时平稳段
2018/pressures:n215,2018-08-24 05:20:00,2018-08-24 06:40:00,17,1.4,39.1,短时平稳段
2019/pressures:n215,2019-02-28 08:45:00,2019-02-28 10:05:00,17,1.4,39.09,短时平稳段
2019/pressures:n215,2019-10-07 04:15:00,2019-10-07 05:35:00,17,1.4,39.08,短时平稳段
2019/pressures:n215,2019-10-28 05:25:00,2019-10-28 06:45:00,17,1.4,39.08,短时平稳段
2019/levels:T1,2019-12-19 06:45:00,2019-12-19 08:05:00,17,1.4,3.21,短时平稳段
2019/levels:T1,2019-12-18 18:25:00,2019-12-18 19:45:00,17,1.4,2.58,短时平稳段
2019/levels:T1,2019-12-21 09:15:00,2019-12-21 10:35:00,17,1.4,3.06,短时平稳段
2018/pressures:n215,2018-02-09 23:05:00,2018-02-10 00:25:00,17,1.4,39.09,短时平稳段
2019/pressures:n215,2019-03-17 15:30:00,2019-03-17 16:50:00,17,1.4,39.09,短时平稳段
2018/pressures:n215,2018-02-14 19:35:00,2018-02-14 20:55:00,17,1.4,39.09,短时平稳段
2019/levels:T1,2019-09-28 12:10:00,2019-09-28 13:30:00,17,1.4,3.8,短时平稳段
2019/levels:T1,2019-06-26 08:50:00,2019-06-26 10:10:00,17,1.4,2.6,短时平稳段
2019/levels:T1,2019-07-04 13:25:00,2019-07-04 14:45:00,17,1.4,3.3,短时平稳段
2018/pressures:n215,2018-02-21 17:00:00,2018-02-21 18:20:00,17,1.4,39.09,短时平稳段
2018/pressures:n215,2018-02-28 08:45:00,2018-02-28 10:05:00,17,1.4,39.09,短时平稳段
2019/levels:T1,2019-07-08 12:50:00,2019-07-08 14:10:00,17,1.4,3.56,短时平稳段
2018/pressures:n215,2018-12-10 23:00:00,2018-12-11 00:20:00,17,1.4,39.09,短时平稳段
2018/pressures:n215,2018-12-11 21:55:00,2018-12-11 23:15:00,17,1.4,39.09,短时平稳段
2018/pressures:n215,2018-02-19 14:55:00,2018-02-19 16:15:00,17,1.4,39.09,短时平稳段
2019/levels:T1,2019-09-11 17:30:00,2019-09-11 18:50:00,17,1.4,3.46,短时平稳段
2019/levels:T1,2019-10-04 19:30:00,2019-10-04 20:50:00,17,1.4,3.15,短时平稳段
2019/levels:T1,2019-06-21 12:15:00,2019-06-21 13:35:00,17,1.4,2.41,短时平稳段
2019/pressures:n215,2019-02-25 18:25:00,2019-02-25 19:45:00,17,1.4,39.09,短时平稳段
2018/pressures:n215,2018-02-25 18:25:00,2018-02-25 19:45:00,17,1.4,39.09,短时平稳段
2018/pressures:n740,2018-04-05 03:45:00,2018-04-05 05:05:00,17,1.4,43.99,短时平稳段
2019/pressures:n215,2019-01-15 19:55:00,2019-01-15 21:10:00,16,1.3,39.09,短时平稳段
2018/levels:T1,2018-07-24 18:05:00,2018-07-24 19:20:00,16,1.3,2.57,短时平稳段
2019/pressures:n215,2019-07-27 04:10:00,2019-07-27 05:25:00,16,1.3,39.08,短时平稳段
2019/pressures:n215,2019-08-15 01:30:00,2019-08-15 02:45:00,16,1.3,39.08,短时平稳段
2019/levels:T1,2019-03-27 07:05:00,2019-03-27 08:20:00,16,1.3,3.17,短时平稳段
2019/pressures:n215,2019-02-08 15:10:00,2019-02-08 16:25:00,16,1.3,39.09,短时平稳段
2019/levels:T1,2019-08-13 13:45:00,2019-08-13 15:00:00,16,1.3,3.64,短时平稳段
2019/pressures:n215,2019-02-04 08:10:00,2019-02-04 09:25:00,16,1.3,39.09,短时平稳段
2019/pressures:n215,2019-01-14 07:55:00,2019-01-14 09:10:00,16,1.3,39.09,短时平稳段
2019/levels:T1,2019-10-31 08:25:00,2019-10-31 09:40:00,16,1.3,3.3,短时平稳段
2018/levels:T1,2018-08-07 14:50:00,2018-08-07 16:05:00,16,1.3,2.75,短时平稳段
2018/levels:T1,2018-08-08 15:25:00,2018-08-08 16:40:00,16,1.3,2.68,短时平稳段
2019/levels:T1,2019-10-29 10:30:00,2019-10-29 11:45:00,16,1.3,3.59,短时平稳段
2019/pressures:n215,2019-09-07 05:00:00,2019-09-07 06:15:00,16,1.3,39.08,短时平稳段
2019/levels:T1,2019-03-05 11:10:00,2019-03-05 12:25:00,16,1.3,3.46,短时平稳段
2019/levels:T1,2019-04-06 09:15:00,2019-04-06 10:30:00,16,1.3,2.5,短时平稳段
2019/levels:T1,2019-08-14 18:10:00,2019-08-14 19:25:00,16,1.3,2.4,短时平稳段
2019/pressures:n215,2019-09-20 04:05:00,2019-09-20 05:20:00,16,1.3,39.08,短时平稳段
2019/levels:T1,2019-09-03 13:25:00,2019-09-03 14:40:00,16,1.3,2.12,短时平稳段
2019/levels:T1,2019-08-24 14:10:00,2019-08-24 15:25:00,16,1.3,3.83,短时平稳段
2019/levels:T1,2019-12-24 12:45:00,2019-12-24 14:00:00,16,1.3,2.37,短时平稳段
2019/pressures:n215,2019-10-23 05:30:00,2019-10-23 06:45:00,16,1.3,39.08,短时平稳段
2018/levels:T1,2018-08-03 15:35:00,2018-08-03 16:50:00,16,1.3,2.57,短时平稳段
2019/levels:T1,2019-12-24 11:25:00,2019-12-24 12:40:00,16,1.3,2.38,短时平稳段
2019/pressures:n215,2019-11-13 01:25:00,2019-11-13 02:40:00,16,1.3,39.08,短时平稳段
2019/pressures:n215,2019-09-12 03:30:00,2019-09-12 04:45:00,16,1.3,39.08,短时平稳段
2019/pressures:n215,2019-10-09 05:20:00,2019-10-09 06:35:00,16,1.3,39.08,短时平稳段
2019/pressures:n215,2019-12-04 05:45:00,2019-12-04 07:00:00,16,1.3,39.08,短时平稳段
2019/pressures:n215,2019-11-07 04:15:00,2019-11-07 05:30:00,16,1.3,39.08,短时平稳段
2019/levels:T1,2019-11-12 11:05:00,2019-11-12 12:20:00,16,1.3,3.27,短时平稳段
2019/pressures:n215,2019-11-30 03:30:00,2019-11-30 04:45:00,16,1.3,39.08,短时平稳段
2019/pressures:n215,2019-02-12 14:00:00,2019-02-12 15:15:00,16,1.3,39.09,短时平稳段
2018/pressures:n215,2018-01-14 07:55:00,2018-01-14 09:10:00,16,1.3,39.09,短时平稳段
2019/levels:T1,2019-06-11 12:30:00,2019-06-11 13:45:00,16,1.3,2.57,短时平稳段
2018/pressures:n215,2018-02-04 08:10:00,2018-02-04 09:25:00,16,1.3,39.09,短时平稳段
2019/levels:T1,2019-10-09 10:50:00,2019-10-09 12:05:00,16,1.3,3.17,短时平稳段
2019/levels:T1,2019-10-11 14:40:00,2019-10-11 15:55:00,16,1.3,2.75,短时平稳段
2018/pressures:n215,2018-12-20 07:40:00,2018-12-20 08:55:00,16,1.3,39.09,短时平稳段
2018/pressures:n495,2018-01-24 04:00:00,2018-01-24 05:15:00,16,1.3,52.01,短时平稳段
2018/pressures:n215,2018-08-19 05:45:00,2018-08-19 07:00:00,16,1.3,39.1,短时平稳段
2019/pressures:n215,2019-02-14 17:50:00,2019-02-14 19:05:00,16,1.3,39.09,短时平稳段
2018/pressures:n215,2018-03-25 19:05:00,2018-03-25 20:20:00,16,1.3,39.09,短时平稳段
2019/pressures:n215,2019-02-15 08:55:00,2019-02-15 10:10:00,16,1.3,39.09,短时平稳段
2018/pressures:n215,2018-08-18 05:20:00,2018-08-18 06:35:00,16,1.3,39.1,短时平稳段
2019/levels:T1,2019-08-01 13:15:00,2019-08-01 14:30:00,16,1.3,3.2,短时平稳段
2018/pressures:n740,2018-04-09 03:40:00,2018-04-09 04:55:00,16,1.3,43.99,短时平稳段
2019/levels:T1,2019-08-08 19:30:00,2019-08-08 20:45:00,16,1.3,3.1,短时平稳段
2018/pressures:n215,2018-01-01 07:15:00,2018-01-01 08:30:00,16,1.3,39.09,短时平稳段
2018/pressures:n740,2018-01-27 04:30:00,2018-01-27 05:45:00,16,1.3,43.98,短时平稳段
2019/pressures:n215,2019-06-24 06:55:00,2019-06-24 08:10:00,16,1.3,39.09,短时平稳段
2019/pressures:n215,2019-02-16 15:20:00,2019-02-16 16:35:00,16,1.3,39.09,短时平稳段
2018/pressures:n740,2018-03-01 03:50:00,2018-03-01 05:05:00,16,1.3,43.99,短时平稳段
2018/pressures:n215,2018-03-03 15:55:00,2018-03-03 17:10:00,16,1.3,39.09,短时平稳段
2019/pressures:n215,2019-01-09 20:25:00,2019-01-09 21:40:00,16,1.3,39.09,短时平稳段
2019/levels:T1,2019-09-05 18:20:00,2019-09-05 19:35:00,16,1.3,3.35,短时平稳段
2019/levels:T1,2019-04-13 08:35:00,2019-04-13 09:50:00,16,1.3,3.0,短时平稳段
2018/pressures:n740,2018-12-11 03:40:00,2018-12-11 04:55:00,16,1.3,43.97,短时平稳段
2018/pressures:n215,2018-01-15 19:55:00,2018-01-15 21:10:00,16,1.3,39.09,短时平稳段
2018/pressures:n215,2018-06-24 06:55:00,2018-06-24 08:10:00,16,1.3,39.09,短时平稳段
2019/pressures:n215,2019-01-01 07:15:00,2019-01-01 08:30:00,16,1.3,39.09,短时平稳段
2018/pressures:n215,2018-12-15 11:45:00,2018-12-15 13:00:00,16,1.3,39.09,短时平稳段
2019/levels:T1,2019-06-21 10:25:00,2019-06-21 11:40:00,16,1.3,2.39,短时平稳段
2018/pressures:n215,2018-12-15 08:30:00,2018-12-15 09:45:00,16,1.3,39.09,短时平稳段
2019/pressures:n215,2019-03-06 21:40:00,2019-03-06 22:55:00,16,1.3,39.09,短时平稳段
2019/pressures:n215,2019-02-23 09:20:00,2019-02-23 10:35:00,16,1.3,39.09,短时平稳段
2018/pressures:n215,2018-02-08 15:10:00,2018-02-08 16:25:00,16,1.3,39.09,短时平稳段
2018/pressures:n215,2018-02-12 14:00:00,2018-02-12 15:15:00,16,1.3,39.09,短时平稳段
2018/pressures:n215,2018-10-22 23:40:00,2018-10-23 00:55:00,16,1.3,39.09,短时平稳段
2019/pressures:n215,2019-03-11 20:30:00,2019-03-11 21:45:00,16,1.3,39.09,短时平稳段
2018/pressures:n215,2018-02-23 09:20:00,2018-02-23 10:35:00,16,1.3,39.09,短时平稳段
2018/pressures:n215,2018-09-07 05:00:00,2018-09-07 06:15:00,16,1.3,39.1,短时平稳段
2018/pressures:n215,2018-09-02 23:25:00,2018-09-03 00:40:00,16,1.3,39.09,短时平稳段
2018/pressures:n215,2018-07-27 04:10:00,2018-07-27 05:25:00,16,1.3,39.1,短时平稳段
2019/levels:T1,2019-09-30 13:40:00,2019-09-30 14:55:00,16,1.3,3.17,短时平稳段
2019/pressures:n215,2019-03-13 23:25:00,2019-03-14 00:40:00,16,1.3,39.09,短时平稳段
2018/pressures:n740,2018-01-23 04:10:00,2018-01-23 05:25:00,16,1.3,43.99,短时平稳段
2018/pressures:n215,2018-11-23 01:10:00,2018-11-23 02:25:00,16,1.3,39.09,短时平稳段
2019/levels:T1,2019-07-27 10:10:00,2019-07-27 11:25:00,16,1.3,3.11,短时平稳段
2018/pressures:n215,2018-02-16 15:20:00,2018-02-16 16:35:00,16,1.3,39.09,短时平稳段
2019/levels:T1,2019-07-18 11:15:00,2019-07-18 12:30:00,16,1.3,3.2,短时平稳段
2019/levels:T1,2019-07-29 12:05:00,2019-07-29 13:20:00,16,1.3,3.26,短时平稳段
2018/pressures:n215,2018-02-15 08:55:00,2018-02-15 10:10:00,16,1.3,39.09,短时平稳段
2019/levels:T1,2019-09-22 11:25:00,2019-09-22 12:40:00,16,1.3,3.21,短时平稳段
2018/pressures:n215,2018-11-16 08:10:00,2018-11-16 09:25:00,16,1.3,39.09,短时平稳段
2019/pressures:n215,2019-03-03 15:55:00,2019-03-03 17:10:00,16,1.3,39.09,短时平稳段
2019/levels:T1,2019-09-25 06:25:00,2019-09-25 07:40:00,16,1.3,3.49,短时平稳段
2019/levels:T1,2019-09-24 13:25:00,2019-09-24 14:40:00,16,1.3,2.68,短时平稳段
2019/levels:T1,2019-09-27 11:15:00,2019-09-27 12:30:00,16,1.3,2.96,短时平稳段
2019/levels:T1,2019-09-25 18:50:00,2019-09-25 20:05:00,16,1.3,3.39,短时平稳段
2019/pressures:n215,2019-03-25 19:05:00,2019-03-25 20:20:00,16,1.3,39.09,短时平稳段
2018/pressures:n215,2018-02-14 17:50:00,2018-02-14 19:05:00,16,1.3,39.09,短时平稳段
2018/levels:T1,2018-08-04 10:15:00,2018-08-04 11:30:00,16,1.3,3.09,短时平稳段
2018/pressures:n215,2018-01-09 20:25:00,2018-01-09 21:40:00,16,1.3,39.09,短时平稳段
2019/pressures:n215,2019-10-31 02:00:00,2019-10-31 03:15:00,16,1.3,39.08,短时平稳段
2018/levels:T1,2018-07-30 15:30:00,2018-07-30 16:45:00,16,1.3,2.27,短时平稳段
2019/levels:T1,2019-12-03 13:15:00,2019-12-03 14:30:00,16,1.3,3.23,短时平稳段
2018/levels:T1,2018-07-31 14:05:00,2018-07-31 15:20:00,16,1.3,2.39,短时平稳段
2019/pressures:n215,2019-01-22 10:20:00,2019-01-22 11:25:00,14,1.2,39.09,短时平稳段
2019/levels:T1,2019-08-23 18:50:00,2019-08-23 19:55:00,14,1.2,3.16,短时平稳段
2019/levels:T1,2019-08-23 17:35:00,2019-08-23 18:45:00,15,1.2,3.15,短时平稳段
2019/levels:T1,2019-08-19 10:10:00,2019-08-19 11:20:00,15,1.2,3.3,短时平稳段
2018/pressures:n215,2018-04-07 09:50:00,2018-04-07 11:00:00,15,1.2,39.09,短时平稳段
2019/pressures:n215,2019-01-29 12:30:00,2019-01-29 13:35:00,14,1.2,39.09,短时平稳段
2019/levels:T1,2019-11-12 06:20:00,2019-11-12 07:30:00,15,1.2,3.29,短时平稳段
2019/levels:T1,2019-11-08 14:10:00,2019-11-08 15:15:00,14,1.2,3.64,短时平稳段
2019/pressures:n215,2019-10-11 05:00:00,2019-10-11 06:10:00,15,1.2,39.08,短时平稳段
2019/pressures:n215,2019-12-11 03:45:00,2019-12-11 04:50:00,14,1.2,39.09,短时平稳段
2019/pressures:n215,2019-12-10 06:10:00,2019-12-10 07:20:00,15,1.2,39.08,短时平稳段
2019/pressures:n215,2019-12-10 00:55:00,2019-12-10 02:00:00,14,1.2,39.08,短时平稳段
2019/pressures:n215,2019-10-16 05:15:00,2019-10-16 06:20:00,14,1.2,39.08,短时平稳段
2019/levels:T1,2019-11-14 11:00:00,2019-11-14 12:05:00,14,1.2,2.81,短时平稳段
2019/levels:T1,2019-11-14 06:50:00,2019-11-14 08:00:00,15,1.2,2.84,短时平稳段
2019/levels:T1,2019-11-13 18:35:00,2019-11-13 19:40:00,14,1.2,2.3,短时平稳段
2018/pressures:n215,2018-09-16 03:15:00,2018-09-16 04:20:00,14,1.2,39.1,短时平稳段
2018/pressures:n215,2018-09-14 01:20:00,2018-09-14 02:25:00,14,1.2,39.09,短时平稳段
2019/pressures:n215,2019-03-19 19:00:00,2019-03-19 20:10:00,15,1.2,39.09,短时平稳段
2019/pressures:n215,2019-03-18 19:40:00,2019-03-18 20:50:00,15,1.2,39.09,短时平稳段
2018/pressures:n215,2018-02-18 14:00:00,2018-02-18 15:05:00,14,1.2,39.09,短时平稳段
2019/levels:T1,2019-07-20 12:25:00,2019-07-20 13:35:00,15,1.2,2.88,短时平稳段
2019/levels:T1,2019-07-20 11:15:00,2019-07-20 12:20:00,14,1.2,2.87,短时平稳段
2019/levels:T1,2019-09-19 14:20:00,2019-09-19 15:30:00,15,1.2,3.12,短时平稳段
2018/pressures:n215,2018-07-29 00:30:00,2018-07-29 01:35:00,14,1.2,39.09,短时平稳段
2019/levels:T1,2019-07-29 17:00:00,2019-07-29 18:10:00,15,1.2,3.36,短时平稳段
2019/levels:T1,2019-07-29 13:45:00,2019-07-29 14:55:00,15,1.2,3.28,短时平稳段
2019/pressures:n215,2019-01-17 16:00:00,2019-01-17 17:05:00,14,1.2,39.09,短时平稳段
2019/pressures:n215,2019-01-16 22:25:00,2019-01-16 23:35:00,15,1.2,39.09,短时平稳段
2018/pressures:n215,2018-01-12 10:35:00,2018-01-12 11:40:00,14,1.2,39.09,短时平稳段
2018/pressures:n215,2018-01-07 21:35:00,2018-01-07 22:45:00,15,1.2,39.09,短时平稳段
2018/pressures:n215,2018-01-07 16:55:00,2018-01-07 18:05:00,15,1.2,39.09,短时平稳段
2019/levels:T1,2019-09-26 20:50:00,2019-09-26 21:55:00,14,1.2,2.52,短时平稳段
2019/levels:T1,2019-09-25 13:20:00,2019-09-25 14:25:00,14,1.2,3.33,短时平稳段
2019/pressures:n215,2019-03-03 23:10:00,2019-03-04 00:20:00,15,1.2,39.09,短时平稳段
2019/pressures:n215,2019-03-03 14:25:00,2019-03-03 15:30:00,14,1.2,39.09,短时平稳段
2019/levels:T1,2019-07-18 08:55:00,2019-07-18 10:00:00,14,1.2,3.23,短时平稳段
2019/levels:T1,2019-07-16 07:30:00,2019-07-16 08:35:00,14,1.2,3.42,短时平稳段
2019/levels:T1,2019-07-15 13:05:00,2019-07-15 14:15:00,15,1.2,2.69,短时平稳段
2019/pressures:n215,2019-04-07 09:50:00,2019-04-07 11:00:00,15,1.2,39.09,短时平稳段
2019/pressures:n215,2019-04-04 07:30:00,2019-04-04 08:40:00,15,1.2,39.09,短时平稳段
2019/pressures:n215,2019-03-29 07:45:00,2019-03-29 08:50:00,14,1.2,39.09,短时平稳段
2018/pressures:n215,2018-11-18 00:50:00,2018-11-18 01:55:00,14,1.2,39.09,短时平稳段
2018/pressures:n215,2018-11-11 23:10:00,2018-11-12 00:20:00,15,1.2,39.09,短时平稳段
2018/pressures:n215,2018-11-27 23:20:00,2018-11-28 00:25:00,14,1.2,39.09,短时平稳段
2018/pressures:n215,2018-11-26 13:00:00,2018-11-26 14:05:00,14,1.2,39.08,短时平稳段
2018/pressures:n215,2018-10-14 06:40:00,2018-10-14 07:45:00,14,1.2,39.09,短时平稳段
2019/levels:T1,2019-09-24 06:25:00,2019-09-24 07:30:00,14,1.2,2.87,短时平稳段
2019/levels:T1,2019-06-25 06:35:00,2019-06-25 07:40:00,14,1.2,3.81,短时平稳段
2018/pressures:n215,2018-10-14 00:10:00,2018-10-14 01:15:00,14,1.2,39.09,短时平稳段
2018/pressures:n215,2018-10-12 03:50:00,2018-10-12 05:00:00,15,1.2,39.1,短时平稳段
2018/pressures:n215,2018-10-17 07:15:00,2018-10-17 08:20:00,14,1.2,39.09,短时平稳段
2018/pressures:n215,2018-02-13 19:15:00,2018-02-13 20:20:00,14,1.2,39.09,短时平稳段
2018/pressures:n215,2018-02-11 16:05:00,2018-02-11 17:10:00,14,1.2,39.09,短时平稳段
2019/pressures:n215,2019-04-11 20:30:00,2019-04-11 21:35:00,14,1.2,39.09,短时平稳段
2019/pressures:n215,2019-04-11 07:20:00,2019-04-11 08:25:00,14,1.2,39.09,短时平稳段
2019/levels:T1,2019-10-03 17:30:00,2019-10-03 18:35:00,14,1.2,3.0,短时平稳段
2019/levels:T1,2019-10-03 13:05:00,2019-10-03 14:10:00,14,1.2,2.93,短时平稳段
2019/levels:T1,2019-10-02 19:40:00,2019-10-02 20:45:00,14,1.2,2.46,短时平稳段
2019/levels:T1,2019-07-19 19:45:00,2019-07-19 20:55:00,15,1.2,2.2,短时平稳段
2019/levels:T1,2019-07-18 22:45:00,2019-07-18 23:55:00,15,1.2,3.41,短时平稳段
2019/levels:T1,2019-07-22 12:00:00,2019-07-22 13:05:00,14,1.2,3.58,短时平稳段
2018/pressures:n215,2018-02-17 14:10:00,2018-02-17 15:15:00,14,1.2,39.09,短时平稳段
2018/pressures:n215,2018-02-16 10:45:00,2018-02-16 11:50:00,14,1.2,39.09,短时平稳段
2019/pressures:n215,2019-03-07 17:15:00,2019-03-07 18:20:00,14,1.2,39.09,短时平稳段
2018/pressures:n215,2018-09-22 07:30:00,2018-09-22 08:40:00,15,1.2,39.09,短时平稳段
2019/levels:T1,2019-09-22 04:30:00,2019-09-22 05:35:00,14,1.2,2.98,短时平稳段
2019/levels:T1,2019-09-20 17:30:00,2019-09-20 18:35:00,14,1.2,3.41,短时平稳段
2019/levels:T1,2019-09-19 18:40:00,2019-09-19 19:50:00,15,1.2,3.17,短时平稳段
2019/levels:T1,2019-09-19 17:30:00,2019-09-19 18:35:00,14,1.2,3.16,短时平稳段
2018/pressures:n215,2018-09-01 05:45:00,2018-09-01 06:55:00,15,1.2,39.1,短时平稳段
2018/pressures:n215,2018-06-18 22:20:00,2018-06-18 23:30:00,15,1.2,39.09,短时平稳段
2019/levels:T1,2019-07-12 13:15:00,2019-07-12 14:20:00,14,1.2,3.27,短时平稳段
2018/pressures:n215,2018-02-01 19:50:00,2018-02-01 20:55:00,14,1.2,39.09,短时平稳段
2018/pressures:n215,2018-02-01 08:15:00,2018-02-01 09:20:00,14,1.2,39.09,短时平稳段
2019/pressures:n215,2019-04-21 08:30:00,2019-04-21 09:40:00,15,1.2,39.09,短时平稳段
2019/pressures:n215,2019-04-19 07:25:00,2019-04-19 08:30:00,14,1.2,39.09,短时平稳段
2019/levels:T1,2019-06-29 09:30:00,2019-06-29 10:35:00,14,1.2,3.75,短时平稳段
2019/levels:T1,2019-06-27 13:15:00,2019-06-27 14:25:00,15,1.2,3.42,短时平稳段
2019/levels:T1,2019-06-27 05:50:00,2019-06-27 06:55:00,14,1.2,3.7,短时平稳段
2018/pressures:n215,2018-02-19 07:50:00,2018-02-19 08:55:00,14,1.2,39.09,短时平稳段
2019/pressures:n215,2019-03-05 18:30:00,2019-03-05 19:40:00,15,1.2,39.09,短时平稳段
2018/pressures:n215,2018-05-30 22:25:00,2018-05-30 23:30:00,14,1.2,39.09,短时平稳段
2018/pressures:n215,2018-05-26 08:25:00,2018-05-26 09:35:00,15,1.2,39.09,短时平稳段
2018/pressures:n215,2018-02-23 17:25:00,2018-02-23 18:30:00,14,1.2,39.09,短时平稳段
2019/levels:T1,2019-06-21 08:30:00,2019-06-21 09:40:00,15,1.2,2.41,短时平稳段
2019/pressures:n215,2019-05-03 06:55:00,2019-05-03 08:05:00,15,1.2,39.09,短时平稳段
2019/pressures:n215,2019-04-30 23:20:00,2019-05-01 00:30:00,15,1.2,39.09,短时平稳段
2019/pressures:n215,2019-04-29 07:05:00,2019-04-29 08:15:00,15,1.2,39.09,短时平稳段
2018/pressures:n215,2018-12-15 10:30:00,2018-12-15 11:35:00,14,1.2,39.09,短时平稳段
2018/pressures:n215,2018-12-09 22:00:00,2018-12-09 23:10:00,15,1.2,39.09,短时平稳段
2018/pressures:n215,2018-12-21 08:20:00,2018-12-21 09:30:00,15,1.2,39.09,短时平稳段
2019/levels:T1,2019-10-01 07:15:00,2019-10-01 08:20:00,14,1.2,3.71,短时平稳段
2019/levels:T1,2019-09-29 09:55:00,2019-09-29 11:00:00,14,1.2,2.61,短时平稳段
2019/pressures:n215,2019-03-10 10:25:00,2019-03-10 11:35:00,15,1.2,39.09,短时平稳段
2019/pressures:n215,2019-03-08 21:15:00,2019-03-08 22:25:00,15,1.2,39.09,短时平稳段
2018/pressures:n740,2018-01-11 04:15:00,2018-01-11 05:25:00,15,1.2,43.99,短时平稳段
2018/pressures:n740,2018-01-04 04:15:00,2018-01-04 05:25:00,15,1.2,43.99,短时平稳段
2018/pressures:n722,2018-01-24 04:00:00,2018-01-24 05:05:00,14,1.2,46.52,短时平稳段
2018/pressures:n215,2018-11-23 03:25:00,2018-11-23 04:30:00,14,1.2,39.1,短时平稳段
2018/pressures:n215,2018-12-22 13:05:00,2018-12-22 14:10:00,14,1.2,39.09,短时平稳段
2019/levels:T1,2019-10-05 08:30:00,2019-10-05 09:35:00,14,1.2,3.7,短时平稳段
2019/levels:T1,2019-06-20 07:40:00,2019-06-20 08:45:00,14,1.2,3.56,短时平稳段
2019/levels:T1,2019-06-11 08:25:00,2019-06-11 09:35:00,15,1.2,2.5,短时平稳段
2018/pressures:n740,2018-01-20 04:25:00,2018-01-20 05:30:00,14,1.2,43.98,短时平稳段
2019/levels:T1,2019-10-19 12:35:00,2019-10-19 13:40:00,14,1.2,3.16,短时平稳段
2019/levels:T1,2019-10-14 08:40:00,2019-10-14 09:45:00,14,1.2,3.31,短时平稳段
2019/levels:T1,2019-06-23 11:45:00,2019-06-23 12:50:00,14,1.2,3.14,短时平稳段
2019/levels:T1,2019-06-23 09:15:00,2019-06-23 10:25:00,15,1.2,3.26,短时平稳段
2019/pressures:n215,2019-02-23 17:25:00,2019-02-23 18:30:00,14,1.2,39.09,短时平稳段
2018/pressures:n215,2018-02-21 20:40:00,2018-02-21 21:45:00,14,1.2,39.09,短时平稳段
2018/pressures:n215,2018-02-19 16:55:00,2018-02-19 18:00:00,14,1.2,39.09,短时平稳段
2018/pressures:n215,2018-12-23 19:25:00,2018-12-23 20:30:00,14,1.2,39.09,短时平稳段
2018/pressures:n215,2018-01-29 12:30:00,2018-01-29 13:35:00,14,1.2,39.09,短时平稳段
2019/pressures:n215,2019-02-21 20:40:00,2019-02-21 21:45:00,14,1.2,39.09,短时平稳段
2019/pressures:n215,2019-02-19 16:55:00,2019-02-19 18:00:00,14,1.2,39.09,短时平稳段
2019/pressures:n215,2019-02-19 07:50:00,2019-02-19 08:55:00,14,1.2,39.09,短时平稳段
2019/pressures:n215,2019-02-18 14:00:00,2019-02-18 15:05:00,14,1.2,39.09,短时平稳段
2019/pressures:n215,2019-02-17 14:10:00,2019-02-17 15:15:00,14,1.2,39.09,短时平稳段
2018/pressures:n215,2018-07-27 07:05:00,2018-07-27 08:10:00,14,1.2,39.09,短时平稳段
2018/pressures:n215,2018-08-16 20:05:00,2018-08-16 21:10:00,14,1.2,39.08,短时平稳段
2019/pressures:n215,2019-02-16 10:45:00,2019-02-16 11:50:00,14,1.2,39.09,短时平稳段
2018/pressures:n215,2018-01-27 21:00:00,2018-01-27 22:05:00,14,1.2,39.09,短时平稳段
2018/pressures:n215,2018-01-27 09:35:00,2018-01-27 10:45:00,15,1.2,39.09,短时平稳段
2019/pressures:n215,2019-05-06 00:10:00,2019-05-06 01:15:00,14,1.2,39.09,短时平稳段
2018/pressures:n215,2018-01-24 18:05:00,2018-01-24 19:15:00,15,1.2,39.09,短时平稳段
2018/pressures:n215,2018-01-22 10:20:00,2018-01-22 11:25:00,14,1.2,39.09,短时平稳段
2019/pressures:n215,2019-05-26 08:25:00,2019-05-26 09:35:00,15,1.2,39.09,短时平稳段
2019/levels:T1,2019-08-02 17:05:00,2019-08-02 18:10:00,14,1.2,2.37,短时平稳段
2018/pressures:n215,2018-07-23 01:40:00,2018-07-23 02:45:00,14,1.2,39.1,短时平稳段
2018/pressures:n215,2018-07-22 03:55:00,2018-07-22 05:00:00,14,1.2,39.1,短时平稳段
2019/levels:T1,2019-09-17 16:30:00,2019-09-17 17:35:00,14,1.2,2.4,短时平稳段
2019/levels:T1,2019-09-17 13:30:00,2019-09-17 14:40:00,15,1.2,2.35,短时平稳段
2019/levels:T1,2019-09-14 10:05:00,2019-09-14 11:15:00,15,1.2,3.31,短时平稳段
2019/levels:T1,2019-08-08 20:55:00,2019-08-08 22:00:00,14,1.2,3.1,短时平稳段
2018/pressures:n296,2018-01-21 04:00:00,2018-01-21 05:05:00,14,1.2,42.77,短时平稳段
2018/pressures:n215,2018-12-30 21:25:00,2018-12-30 22:35:00,15,1.2,39.09,短时平稳段
2018/pressures:n215,2018-12-29 12:30:00,2018-12-29 13:35:00,14,1.2,39.09,短时平稳段
2019/levels:T1,2019-05-25 08:40:00,2019-05-25 09:45:00,14,1.2,2.76,短时平稳段
2019/pressures:n215,2019-05-30 22:25:00,2019-05-30 23:30:00,14,1.2,39.09,短时平稳段
2019/levels:T1,2019-05-21 11:40:00,2019-05-21 12:45:00,14,1.2,3.69,短时平稳段
2019/levels:T1,2019-05-21 07:05:00,2019-05-21 08:10:00,14,1.2,3.84,短时平稳段
2018/pressures:n215,2018-12-15 16:20:00,2018-12-15 17:25:00,14,1.2,39.09,短时平稳段
2018/pressures:n215,2018-12-25 23:25:00,2018-12-26 00:35:00,15,1.2,39.09,短时平稳段
2018/pressures:n215,2018-01-16 22:25:00,2018-01-16 23:35:00,15,1.2,39.09,短时平稳段
2019/pressures:n215,2019-07-24 02:40:00,2019-07-24 03:45:00,14,1.2,39.08,短时平稳段
2019/levels:T1,2019-05-17 12:10:00,2019-05-17 13:20:00,15,1.2,3.87,短时平稳段
2019/levels:T1,2019-05-14 07:20:00,2019-05-14 08:30:00,15,1.2,3.43,短时平稳段
2019/levels:T1,2019-05-01 08:35:00,2019-05-01 09:40:00,14,1.2,3.45,短时平稳段
2019/levels:T1,2019-04-19 08:50:00,2019-04-19 09:55:00,14,1.2,2.42,短时平稳段
2018/pressures:n215,2018-01-13 18:10:00,2018-01-13 19:15:00,14,1.2,39.09,短时平稳段
2018/pressures:n215,2018-01-13 10:05:00,2018-01-13 11:10:00,14,1.2,39.09,短时平稳段
2018/pressures:n740,2018-01-30 04:15:00,2018-01-30 05:20:00,14,1.2,43.99,短时平稳段
2018/pressures:n740,2018-01-28 03:40:00,2018-01-28 04:45:00,14,1.2,43.95,短时平稳段
2018/levels:T1,2018-07-15 12:00:00,2018-07-15 13:10:00,15,1.2,3.54,短时平稳段
2019/levels:T1,2019-10-23 12:55:00,2019-10-23 14:00:00,14,1.2,2.81,短时平稳段
2019/levels:T1,2019-10-23 07:40:00,2019-10-23 08:45:00,14,1.2,2.8,短时平稳段
2019/levels:T1,2019-08-07 13:10:00,2019-08-07 14:20:00,15,1.2,2.55,短时平稳段
2019/levels:T1,2019-08-07 09:50:00,2019-08-07 11:00:00,15,1.2,2.56,短时平稳段
2019/levels:T1,2019-08-07 02:45:00,2019-08-07 03:50:00,14,1.2,2.37,短时平稳段
2018/pressures:n740,2018-02-15 04:15:00,2018-02-15 05:25:00,15,1.2,43.99,短时平稳段
2018/pressures:n740,2018-01-15 03:10:00,2018-01-15 04:20:00,15,1.2,43.95,短时平稳段
2019/pressures:n215,2019-06-18 22:20:00,2019-06-18 23:30:00,15,1.2,39.09,短时平稳段
2019/levels:T1,2019-08-08 13:35:00,2019-08-08 14:40:00,14,1.2,3.01,短时平稳段
2019/levels:T1,2019-08-07 19:50:00,2019-08-07 20:55:00,14,1.2,2.65,短时平稳段
2018/pressures:n215,2018-03-03 23:10:00,2018-03-04 00:20:00,15,1.2,39.09,短时平稳段
2018/pressures:n215,2018-03-03 14:25:00,2018-03-03 15:30:00,14,1.2,39.09,短时平稳段
2018/pressures:n215,2018-06-09 05:25:00,2018-06-09 06:35:00,15,1.2,39.1,短时平稳段
2018/pressures:n215,2018-05-03 06:55:00,2018-05-03 08:05:00,15,1.2,39.09,短时平稳段
2019/pressures:n215,2019-02-13 19:15:00,2019-02-13 20:20:00,14,1.2,39.09,短时平稳段
2019/pressures:n215,2019-02-11 16:05:00,2019-02-11 17:10:00,14,1.2,39.09,短时平稳段
2019/pressures:n215,2019-06-09 05:25:00,2019-06-09 06:35:00,15,1.2,39.1,短时平稳段
2018/pressures:n215,2018-01-21 17:15:00,2018-01-21 18:20:00,14,1.2,39.09,短时平稳段
2018/pressures:n215,2018-01-21 15:35:00,2018-01-21 16:45:00,15,1.2,39.09,短时平稳段
2018/pressures:n215,2018-01-21 13:50:00,2018-01-21 14:55:00,14,1.2,39.09,短时平稳段
2018/pressures:n215,2018-01-17 16:00:00,2018-01-17 17:05:00,14,1.2,39.09,短时平稳段
2019/levels:T1,2019-04-18 12:20:00,2019-04-18 13:30:00,15,1.2,3.34,短时平稳段
2019/levels:T1,2019-04-18 08:00:00,2019-04-18 09:10:00,15,1.2,3.45,短时平稳段
2018/pressures:n215,2018-04-04 07:30:00,2018-04-04 08:40:00,15,1.2,39.09,短时平稳段
2019/levels:T1,2019-09-10 19:55:00,2019-09-10 21:05:00,15,1.2,3.1,短时平稳段
2019/levels:T1,2019-09-08 08:25:00,2019-09-08 09:35:00,15,1.2,3.79,短时平稳段
2019/levels:T1,2019-09-07 11:15:00,2019-09-07 12:25:00,15,1.2,3.09,短时平稳段
2019/levels:T1,2019-09-06 16:30:00,2019-09-06 17:35:00,14,1.2,2.38,短时平稳段
2019/levels:T1,2019-09-05 13:25:00,2019-09-05 14:35:00,15,1.2,3.26,短时平稳段
2019/pressures:n215,2019-01-13 10:05:00,2019-01-13 11:10:00,14,1.2,39.09,短时平稳段
2019/pressures:n215,2019-01-12 10:35:00,2019-01-12 11:40:00,14,1.2,39.09,短时平稳段
2018/pressures:n215,2018-04-30 23:20:00,2018-05-01 00:30:00,15,1.2,39.09,短时平稳段
2018/levels:T1,2018-07-09 12:25:00,2018-07-09 13:30:00,14,1.2,2.93,短时平稳段
2018/pressures:n769,2018-01-21 04:00:00,2018-01-21 05:05:00,14,1.2,48.85,短时平稳段
2018/pressures:n740,2018-07-02 03:50:00,2018-07-02 05:00:00,15,1.2,43.98,短时平稳段
2018/levels:T1,2018-12-20 12:20:00,2018-12-20 13:25:00,14,1.2,2.4,短时平稳段
2018/pressures:n740,2018-04-03 03:50:00,2018-04-03 04:55:00,14,1.2,43.99,短时平稳段
2018/pressures:n740,2018-02-14 04:15:00,2018-02-14 05:25:00,15,1.2,43.99,短时平稳段
2019/levels:T1,2019-03-27 11:10:00,2019-03-27 12:20:00,15,1.2,3.04,短时平稳段
2018/pressures:n215,2018-04-29 07:05:00,2018-04-29 08:15:00,15,1.2,39.09,短时平稳段
2019/levels:T1,2019-08-15 20:20:00,2019-08-15 21:30:00,15,1.2,2.97,短时平稳段
2019/levels:T1,2019-08-15 18:30:00,2019-08-15 19:40:00,15,1.2,2.95,短时平稳段
2019/levels:T1,2019-08-13 06:35:00,2019-08-13 07:40:00,14,1.2,3.84,短时平稳段
2018/pressures:n215,2018-03-29 07:45:00,2018-03-29 08:50:00,14,1.2,39.09,短时平稳段
2019/pressures:n215,2019-01-27 21:00:00,2019-01-27 22:05:00,14,1.2,39.09,短时平稳段
2019/pressures:n215,2019-01-27 09:35:00,2019-01-27 10:45:00,15,1.2,39.09,短时平稳段
2019/levels:T1,2019-03-22 07:45:00,2019-03-22 08:50:00,14,1.2,3.0,短时平稳段
2019/pressures:n215,2019-08-13 01:45:00,2019-08-13 02:50:00,14,1.2,39.08,短时平稳段
2019/pressures:n215,2019-08-05 02:10:00,2019-08-05 03:15:00,14,1.2,39.08,短时平稳段
2018/levels:T1,2018-07-25 11:30:00,2018-07-25 12:35:00,14,1.2,3.35,短时平稳段
2019/levels:T1,2019-11-04 10:40:00,2019-11-04 11:50:00,15,1.2,3.05,短时平稳段
2019/pressures:n215,2019-07-23 05:20:00,2019-07-23 06:30:00,15,1.2,39.08,短时平稳段
2019/pressures:n215,2019-07-17 02:45:00,2019-07-17 03:50:00,14,1.2,39.08,短时平稳段
2019/pressures:n215,2019-12-30 06:05:00,2019-12-30 07:15:00,15,1.2,39.08,短时平稳段
2019/pressures:n215,2019-12-27 01:20:00,2019-12-27 02:25:00,14,1.2,39.08,短时平稳段
2019/pressures:n215,2019-09-20 05:30:00,2019-09-20 06:35:00,14,1.2,39.08,短时平稳段
2019/pressures:n215,2019-09-20 02:05:00,2019-09-20 03:15:00,15,1.2,39.08,短时平稳段
2018/levels:T1,2018-08-06 20:00:00,2018-08-06 21:05:00,14,1.2,2.82,短时平稳段
2019/levels:T1,2019-11-02 14:00:00,2019-11-02 15:10:00,15,1.2,2.91,短时平稳段
2019/levels:T1,2019-11-02 07:10:00,2019-11-02 08:15:00,14,1.2,3.17,短时平稳段
2019/levels:T1,2019-10-30 18:30:00,2019-10-30 19:35:00,14,1.2,2.56,短时平稳段
2019/levels:T1,2019-03-08 09:15:00,2019-03-08 10:20:00,14,1.2,3.86,短时平稳段
2019/levels:T1,2019-03-05 06:35:00,2019-03-05 07:45:00,15,1.2,3.65,短时平稳段
2019/levels:T1,2019-02-15 07:40:00,2019-02-15 08:50:00,15,1.2,3.76,短时平稳段
2019/levels:T1,2019-02-11 08:35:00,2019-02-11 09:40:00,14,1.2,3.82,短时平稳段
2019/pressures:n740,2019-04-02 03:05:00,2019-04-02 04:10:00,14,1.2,43.95,短时平稳段
2019/pressures:n215,2019-09-01 05:45:00,2019-09-01 06:55:00,15,1.2,39.08,短时平稳段
2018/levels:T1,2018-08-09 22:10:00,2018-08-09 23:20:00,15,1.2,2.35,短时平稳段
2018/levels:T1,2018-08-09 16:35:00,2018-08-09 17:40:00,14,1.2,2.38,短时平稳段
2018/levels:T1,2018-08-08 23:05:00,2018-08-09 00:15:00,15,1.2,2.62,短时平稳段
2018/levels:T1,2018-07-26 15:05:00,2018-07-26 16:10:00,14,1.2,1.95,短时平稳段
2019/pressures:n215,2019-02-01 19:50:00,2019-02-01 20:55:00,14,1.2,39.09,短时平稳段
2019/pressures:n215,2019-02-01 08:15:00,2019-02-01 09:20:00,14,1.2,39.09,短时平稳段
2018/pressures:n215,2018-04-11 20:30:00,2018-04-11 21:35:00,14,1.2,39.09,短时平稳段
2018/pressures:n215,2018-04-11 07:20:00,2018-04-11 08:25:00,14,1.2,39.09,短时平稳段
2019/levels:T1,2019-08-17 15:15:00,2019-08-17 16:25:00,15,1.2,3.39,短时平稳段
2019/pressures:n215,2019-01-07 21:35:00,2019-01-07 22:45:00,15,1.2,39.09,短时平稳段
2019/pressures:n215,2019-01-07 16:55:00,2019-01-07 18:05:00,15,1.2,39.09,短时平稳段
2018/pressures:n215,2018-05-06 00:10:00,2018-05-06 01:15:00,14,1.2,39.09,短时平稳段
2019/pressures:n215,2019-01-13 18:10:00,2019-01-13 19:15:00,14,1.2,39.09,短时平稳段
2019/levels:T1,2019-09-03 16:35:00,2019-09-03 17:45:00,15,1.2,2.17,短时平稳段
2019/pressures:n215,2019-01-21 17:15:00,2019-01-21 18:20:00,14,1.2,39.09,短时平稳段
2019/pressures:n215,2019-08-22 01:55:00,2019-08-22 03:00:00,14,1.2,39.08,短时平稳段
2019/pressures:n215,2019-08-20 05:45:00,2019-08-20 06:50:00,14,1.2,39.08,短时平稳段
2019/pressures:n740,2019-01-05 04:35:00,2019-01-05 05:45:00,15,1.2,43.96,短时平稳段
2019/levels:T1,2019-12-10 09:05:00,2019-12-10 10:10:00,14,1.2,2.9,短时平稳段
2019/levels:T1,2019-11-21 08:30:00,2019-11-21 09:40:00,15,1.2,3.12,短时平稳段
2019/levels:T1,2019-11-17 13:25:00,2019-11-17 14:30:00,14,1.2,3.16,短时平稳段
2018/levels:T1,2018-07-31 19:25:00,2018-07-31 20:30:00,14,1.2,2.39,短时平稳段
2019/pressures:n215,2019-11-28 01:45:00,2019-11-28 02:50:00,14,1.2,39.08,短时平稳段
2019/pressures:n215,2019-11-25 02:40:00,2019-11-25 03:45:00,14,1.2,39.08,短时平稳段
2019/pressures:n215,2019-11-18 00:50:00,2019-11-18 01:55:00,14,1.2,39.07,短时平稳段
2019/pressures:n215,2019-11-06 01:55:00,2019-11-06 03:00:00,14,1.2,39.08,短时平稳段
2019/levels:T1,2019-12-02 08:25:00,2019-12-02 09:35:00,15,1.2,2.41,短时平稳段
2018/levels:T1,2018-08-05 16:35:00,2018-08-05 17:40:00,14,1.2,3.36,短时平稳段
2018/levels:T1,2018-07-20 09:30:00,2018-07-20 10:40:00,15,1.2,3.01,短时平稳段
2018/levels:T1,2018-07-18 10:40:00,2018-07-18 11:50:00,15,1.2,3.61,短时平稳段
2018/levels:T1,2018-07-18 07:30:00,2018-07-18 08:40:00,15,1.2,3.58,短时平稳段
2019/pressures:n215,2019-01-21 15:35:00,2019-01-21 16:45:00,15,1.2,39.09,短时平稳段
2019/pressures:n215,2019-01-21 13:50:00,2019-01-21 14:55:00,14,1.2,39.09,短时平稳段
2019/pressures:n215,2019-01-24 18:05:00,2019-01-24 19:15:00,15,1.2,39.09,短时平稳段
2018/pressures:n215,2018-04-21 08:30:00,2018-04-21 09:40:00,15,1.2,39.09,短时平稳段
2018/pressures:n215,2018-04-19 07:25:00,2018-04-19 08:30:00,14,1.2,39.09,短时平稳段
2019/levels:T1,2019-09-04 20:25:00,2019-09-04 21:30:00,14,1.2,2.87,短时平稳段
2018/levels:T1,2018-08-05 06:35:00,2018-08-05 07:45:00,15,1.2,3.52,短时平稳段
2018/levels:T1,2018-08-04 11:35:00,2018-08-04 12:40:00,14,1.2,3.08,短时平稳段
2018/levels:T1,2018-08-03 19:15:00,2018-08-03 20:25:00,15,1.2,2.55,短时平稳段
2019/pressures:n215,2019-10-05 05:10:00,2019-10-05 06:15:00,14,1.2,39.08,短时平稳段
2019/pressures:n215,2019-10-02 01:45:00,2019-10-02 02:55:00,15,1.2,39.08,短时平稳段
2019/pressures:n215,2019-10-01 05:35:00,2019-10-01 06:40:00,14,1.2,39.08,短时平稳段
2019/pressures:n215,2019-11-01 02:00:00,2019-11-01 03:10:00,15,1.2,39.08,短时平稳段
2019/pressures:n215,2019-10-28 02:45:00,2019-10-28 03:55:00,15,1.2,39.08,短时平稳段
2019/pressures:n215,2019-10-23 12:40:00,2019-10-23 13:45:00,14,1.2,39.05,短时平稳段
2018/levels:T1,2018-07-28 20:20:00,2018-07-28 21:30:00,15,1.2,3.75,短时平稳段
2018/levels:T1,2018-07-28 11:40:00,2018-07-28 12:50:00,15,1.2,3.61,短时平稳段
2019/levels:T1,2019-12-02 09:40:00,2019-12-02 10:45:00,14,1.2,2.42,短时平稳段
2018/levels:T1,2018-07-31 16:40:00,2018-07-31 17:50:00,15,1.2,2.42,短时平稳段
2019/levels:T1,2019-11-24 13:30:00,2019-11-24 14:30:00,13,1.1,2.36,短时平稳段
2019/levels:T1,2019-11-19 13:05:00,2019-11-19 14:05:00,13,1.1,3.1,短时平稳段
2019/levels:T1,2019-11-14 13:00:00,2019-11-14 14:00:00,13,1.1,2.79,短时平稳段
2018/levels:T1,2018-07-26 19:35:00,2018-07-26 20:35:00,13,1.1,2.05,短时平稳段
2018/levels:T1,2018-07-24 12:40:00,2018-07-24 13:40:00,13,1.1,2.42,短时平稳段
2018/levels:T1,2018-07-23 13:10:00,2018-07-23 14:10:00,13,1.1,3.03,短时平稳段
2018/levels:T1,2018-07-23 07:40:00,2018-07-23 08:40:00,13,1.1,3.11,短时平稳段
2019/levels:T1,2019-11-06 18:35:00,2019-11-06 19:35:00,13,1.1,2.55,短时平稳段
2019/pressures:n215,2019-12-01 04:00:00,2019-12-01 05:00:00,13,1.1,39.08,短时平稳段
2019/pressures:n215,2019-11-28 05:25:00,2019-11-28 06:25:00,13,1.1,39.08,短时平稳段
2019/pressures:n215,2019-10-15 01:20:00,2019-10-15 02:20:00,13,1.1,39.08,短时平稳段
2019/pressures:n215,2019-10-08 01:45:00,2019-10-08 02:45:00,13,1.1,39.08,短时平稳段
2019/pressures:n215,2019-09-24 02:40:00,2019-09-24 03:40:00,13,1.1,39.08,短时平稳段
2019/pressures:n215,2019-10-29 00:25:00,2019-10-29 01:25:00,13,1.1,39.07,短时平稳段
2019/pressures:n215,2019-10-24 02:20:00,2019-10-24 03:20:00,13,1.1,39.08,短时平稳段
2019/pressures:n215,2019-10-17 02:00:00,2019-10-17 03:00:00,13,1.1,39.08,短时平稳段
2019/pressures:n215,2019-11-15 04:10:00,2019-11-15 05:10:00,13,1.1,39.08,短时平稳段
2018/levels:T1,2018-07-04 12:00:00,2018-07-04 13:00:00,13,1.1,2.39,短时平稳段
2018/pressures:n740,2018-12-27 04:15:00,2018-12-27 05:15:00,13,1.1,43.97,短时平稳段
2018/pressures:n740,2018-12-24 03:45:00,2018-12-24 04:45:00,13,1.1,43.97,短时平稳段
2018/pressures:n740,2018-12-17 03:20:00,2018-12-17 04:20:00,13,1.1,43.97,短时平稳段
2018/pressures:n740,2018-11-15 04:05:00,2018-11-15 05:05:00,13,1.1,43.96,短时平稳段
2018/pressures:n740,2018-02-21 04:10:00,2018-02-21 05:10:00,13,1.1,43.99,短时平稳段
2018/pressures:n740,2018-01-31 03:00:00,2018-01-31 04:00:00,13,1.1,43.95,短时平稳段
2019/pressures:n740,2019-02-19 03:55:00,2019-02-19 04:55:00,13,1.1,43.92,短时平稳段
2019/pressures:n740,2019-01-24 04:05:00,2019-01-24 05:05:00,13,1.1,43.96,短时平稳段
2019/pressures:n215,2019-09-22 07:30:00,2019-09-22 08:30:00,13,1.1,39.07,短时平稳段
2019/pressures:n215,2019-09-18 05:30:00,2019-09-18 06:30:00,13,1.1,39.08,短时平稳段
2019/pressures:n215,2019-09-13 04:15:00,2019-09-13 05:15:00,13,1.1,39.08,短时平稳段
2019/pressures:n215,2019-09-11 05:20:00,2019-09-11 06:20:00,13,1.1,39.08,短时平稳段
2019/pressures:n215,2019-09-09 05:10:00,2019-09-09 06:10:00,13,1.1,39.08,短时平稳段
2019/pressures:n215,2019-12-18 00:55:00,2019-12-18 01:55:00,13,1.1,39.08,短时平稳段
2018/pressures:n740,2018-01-16 02:55:00,2018-01-16 03:55:00,13,1.1,43.99,短时平稳段
2018/pressures:n495,2018-01-17 04:10:00,2018-01-17 05:10:00,13,1.1,52.01,短时平稳段
2018/pressures:n296,2018-12-24 03:45:00,2018-12-24 04:45:00,13,1.1,42.74,短时平稳段
2018/pressures:n296,2018-04-05 03:45:00,2018-04-05 04:45:00,13,1.1,42.77,短时平稳段
2019/levels:T1,2019-10-19 11:30:00,2019-10-19 12:30:00,13,1.1,3.15,短时平稳段
2019/pressures:n215,2019-07-30 05:20:00,2019-07-30 06:20:00,13,1.1,39.08,短时平稳段
2019/pressures:n215,2019-08-30 05:40:00,2019-08-30 06:40:00,13,1.1,39.08,短时平稳段
2019/pressures:n215,2019-08-27 06:00:00,2019-08-27 07:00:00,13,1.1,39.08,短时平稳段
2019/levels:T1,2019-10-17 12:25:00,2019-10-17 13:25:00,13,1.1,3.55,短时平稳段
2019/levels:T1,2019-10-16 13:15:00,2019-10-16 14:15:00,13,1.1,2.78,短时平稳段
2018/pressures:n215,2018-12-28 18:20:00,2018-12-28 19:20:00,13,1.1,39.09,短时平稳段
2018/pressures:n215,2018-12-25 08:20:00,2018-12-25 09:20:00,13,1.1,39.09,短时平稳段
2019/levels:T1,2019-10-11 19:50:00,2019-10-11 20:50:00,13,1.1,2.84,短时平稳段
2019/levels:T1,2019-10-04 15:00:00,2019-10-04 16:00:00,13,1.1,3.09,短时平稳段
2019/levels:T1,2019-10-03 18:40:00,2019-10-03 19:40:00,13,1.1,3.01,短时平稳段
2018/pressures:n215,2018-12-19 18:50:00,2018-12-19 19:50:00,13,1.1,39.09,短时平稳段
2018/pressures:n215,2018-11-26 07:40:00,2018-11-26 08:40:00,13,1.1,39.09,短时平稳段
2018/pressures:n215,2018-12-09 08:00:00,2018-12-09 09:00:00,13,1.1,39.09,短时平稳段
2018/pressures:n215,2018-12-08 03:40:00,2018-12-08 04:40:00,13,1.1,39.1,短时平稳段
2018/pressures:n215,2018-12-05 07:30:00,2018-12-05 08:30:00,13,1.1,39.09,短时平稳段
2018/pressures:n215,2018-12-01 04:00:00,2018-12-01 05:00:00,13,1.1,39.1,短时平稳段
2019/levels:T1,2019-10-03 14:15:00,2019-10-03 15:15:00,13,1.1,2.94,短时平稳段
2019/pressures:n215,2019-07-19 02:00:00,2019-07-19 03:00:00,13,1.1,39.08,短时平稳段
2019/pressures:n215,2019-07-16 00:10:00,2019-07-16 01:10:00,13,1.1,39.07,短时平稳段
2019/levels:T1,2019-04-05 09:20:00,2019-04-05 10:20:00,13,1.1,3.47,短时平稳段
2019/levels:T1,2019-04-02 12:25:00,2019-04-02 13:25:00,13,1.1,2.48,短时平稳段
2019/levels:T1,2019-03-27 12:25:00,2019-03-27 13:25:00,13,1.1,3.05,短时平稳段
2019/pressures:n215,2019-08-16 01:35:00,2019-08-16 02:35:00,13,1.1,39.08,短时平稳段
2019/pressures:n215,2019-08-10 03:55:00,2019-08-10 04:55:00,13,1.1,39.08,短时平稳段
2019/levels:T1,2019-10-03 07:05:00,2019-10-03 08:05:00,13,1.1,3.01,短时平稳段
2019/levels:T1,2019-09-30 06:40:00,2019-09-30 07:40:00,13,1.1,3.47,短时平稳段
2019/levels:T1,2019-09-28 16:20:00,2019-09-28 17:20:00,13,1.1,3.85,短时平稳段
2018/pressures:n215,2018-11-05 15:25:00,2018-11-05 16:25:00,13,1.1,39.08,短时平稳段
2018/pressures:n215,2018-10-29 00:25:00,2018-10-29 01:25:00,13,1.1,39.09,短时平稳段
2018/pressures:n215,2018-11-19 01:45:00,2018-11-19 02:45:00,13,1.1,39.1,短时平稳段
2018/pressures:n215,2018-09-21 05:05:00,2018-09-21 06:05:00,13,1.1,39.1,短时平稳段
2018/pressures:n215,2018-10-13 03:35:00,2018-10-13 04:35:00,13,1.1,39.09,短时平稳段
2018/pressures:n215,2018-10-03 00:30:00,2018-10-03 01:30:00,13,1.1,39.09,短时平稳段
2019/levels:T1,2019-05-22 10:15:00,2019-05-22 11:15:00,13,1.1,2.79,短时平稳段
2019/levels:T1,2019-05-10 06:30:00,2019-05-10 07:30:00,13,1.1,3.53,短时平稳段
2019/pressures:n215,2019-06-23 04:40:00,2019-06-23 05:40:00,13,1.1,39.1,短时平稳段
2018/pressures:n215,2018-01-15 22:05:00,2018-01-15 23:05:00,13,1.1,39.09,短时平稳段
2018/pressures:n215,2018-10-25 07:00:00,2018-10-25 08:00:00,13,1.1,39.09,短时平稳段
2019/levels:T1,2019-09-27 06:20:00,2019-09-27 07:20:00,13,1.1,3.07,短时平稳段
2019/levels:T1,2019-09-26 11:55:00,2019-09-26 12:55:00,13,1.1,2.39,短时平稳段
2019/levels:T1,2019-09-25 17:45:00,2019-09-25 18:45:00,13,1.1,3.4,短时平稳段
2019/levels:T1,2019-09-25 11:20:00,2019-09-25 12:20:00,13,1.1,3.35,短时平稳段
2019/levels:T1,2019-09-25 10:00:00,2019-09-25 11:00:00,13,1.1,3.36,短时平稳段
2018/pressures:n215,2018-09-14 04:10:00,2018-09-14 05:10:00,13,1.1,39.1,短时平稳段
2018/pressures:n215,2018-09-30 06:55:00,2018-09-30 07:55:00,13,1.1,39.09,短时平稳段
2018/pressures:n215,2018-09-28 10:00:00,2018-09-28 11:00:00,13,1.1,39.08,短时平稳段
2019/levels:T1,2019-06-06 02:35:00,2019-06-06 03:35:00,13,1.1,3.0,短时平稳段
2019/levels:T1,2019-06-05 07:15:00,2019-06-05 08:15:00,13,1.1,2.43,短时平稳段
2019/levels:T1,2019-06-04 09:30:00,2019-06-04 10:30:00,13,1.1,3.59,短时平稳段
2019/levels:T1,2019-06-04 07:30:00,2019-06-04 08:30:00,13,1.1,3.62,短时平稳段
2019/levels:T1,2019-05-31 10:30:00,2019-05-31 11:30:00,13,1.1,3.78,短时平稳段
2018/pressures:n215,2018-01-19 13:30:00,2018-01-19 14:30:00,13,1.1,39.09,短时平稳段
2019/pressures:n215,2019-06-03 23:20:00,2019-06-04 00:20:00,13,1.1,39.09,短时平稳段
2019/pressures:n215,2019-06-01 06:05:00,2019-06-01 07:05:00,13,1.1,39.1,短时平稳段
2018/pressures:n215,2018-01-26 20:40:00,2018-01-26 21:40:00,13,1.1,39.09,短时平稳段
2019/levels:T1,2019-09-20 02:30:00,2019-09-20 03:30:00,13,1.1,3.39,短时平稳段
2019/levels:T1,2019-09-18 11:30:00,2019-09-18 12:30:00,13,1.1,2.99,短时平稳段
2018/pressures:n215,2018-08-08 17:40:00,2018-08-08 18:40:00,13,1.1,39.08,短时平稳段
2018/pressures:n215,2018-08-18 02:15:00,2018-08-18 03:15:00,13,1.1,39.09,短时平稳段
2018/pressures:n215,2018-07-22 02:45:00,2018-07-22 03:45:00,13,1.1,39.1,短时平稳段
2018/pressures:n215,2018-07-22 00:20:00,2018-07-22 01:20:00,13,1.1,39.09,短时平稳段
2018/pressures:n215,2018-07-16 00:10:00,2018-07-16 01:10:00,13,1.1,39.09,短时平稳段
2018/pressures:n215,2018-08-10 03:55:00,2018-08-10 04:55:00,13,1.1,39.1,短时平稳段
2019/levels:T1,2019-06-20 10:20:00,2019-06-20 11:20:00,13,1.1,3.58,短时平稳段
2019/levels:T1,2019-06-18 07:00:00,2019-06-18 08:00:00,13,1.1,2.91,短时平稳段
2018/pressures:n215,2018-01-30 12:45:00,2018-01-30 13:45:00,13,1.1,39.09,短时平稳段
2018/pressures:n215,2018-01-27 15:35:00,2018-01-27 16:35:00,13,1.1,39.09,短时平稳段
2019/pressures:n215,2019-05-05 05:35:00,2019-05-05 06:35:00,13,1.1,39.1,短时平稳段
2018/pressures:n215,2018-01-25 08:15:00,2018-01-25 09:15:00,13,1.1,39.09,短时平稳段
2018/pressures:n215,2018-01-30 20:25:00,2018-01-30 21:25:00,13,1.1,39.09,短时平稳段
2019/levels:T1,2019-09-18 05:55:00,2019-09-18 06:55:00,13,1.1,3.07,短时平稳段
2019/levels:T1,2019-09-14 13:20:00,2019-09-14 14:20:00,13,1.1,3.33,短时平稳段
2018/pressures:n215,2018-06-03 23:20:00,2018-06-04 00:20:00,13,1.1,39.09,短时平稳段
2018/pressures:n215,2018-06-23 04:40:00,2018-06-23 05:40:00,13,1.1,39.1,短时平稳段
2018/pressures:n215,2018-05-04 02:10:00,2018-05-04 03:10:00,13,1.1,39.09,短时平稳段
2018/pressures:n215,2018-06-01 06:05:00,2018-06-01 07:05:00,13,1.1,39.1,短时平稳段
2019/levels:T1,2019-09-09 09:00:00,2019-09-09 10:00:00,13,1.1,2.4,短时平稳段
2019/levels:T1,2019-09-06 17:40:00,2019-09-06 18:40:00,13,1.1,2.39,短时平稳段
2018/pressures:n215,2018-04-27 03:35:00,2018-04-27 04:35:00,13,1.1,39.1,短时平稳段
2019/pressures:n215,2019-01-07 07:45:00,2019-01-07 08:45:00,13,1.1,39.09,短时平稳段
2018/pressures:n215,2018-05-05 05:35:00,2018-05-05 06:35:00,13,1.1,39.1,短时平稳段
2019/pressures:n215,2019-01-15 22:05:00,2019-01-15 23:05:00,13,1.1,39.09,短时平稳段
2019/pressures:n215,2019-01-12 15:10:00,2019-01-12 16:10:00,13,1.1,39.09,短时平稳段
2019/pressures:n215,2019-04-21 06:40:00,2019-04-21 07:40:00,13,1.1,39.1,短时平稳段
2018/pressures:n215,2018-02-09 15:05:00,2018-02-09 16:05:00,13,1.1,39.09,短时平稳段
2019/levels:T1,2019-07-02 07:05:00,2019-07-02 08:05:00,13,1.1,3.79,短时平稳段
2019/pressures:n215,2019-05-04 02:10:00,2019-05-04 03:10:00,13,1.1,39.09,短时平稳段
2019/pressures:n215,2019-04-27 03:35:00,2019-04-27 04:35:00,13,1.1,39.1,短时平稳段
2018/pressures:n215,2018-02-05 18:20:00,2018-02-05 19:20:00,13,1.1,39.09,短时平稳段
2018/pressures:n215,2018-02-05 13:50:00,2018-02-05 14:50:00,13,1.1,39.09,短时平稳段
2018/pressures:n215,2018-02-04 17:30:00,2018-02-04 18:30:00,13,1.1,39.09,短时平稳段
2018/pressures:n215,2018-02-04 14:55:00,2018-02-04 15:55:00,13,1.1,39.09,短时平稳段
2019/levels:T1,2019-09-04 13:10:00,2019-09-04 14:10:00,13,1.1,2.79,短时平稳段
2019/levels:T1,2019-09-02 12:20:00,2019-09-02 13:20:00,13,1.1,3.67,短时平稳段
2019/levels:T1,2019-08-30 19:10:00,2019-08-30 20:10:00,13,1.1,3.34,短时平稳段
2018/pressures:n215,2018-01-12 15:10:00,2018-01-12 16:10:00,13,1.1,39.09,短时平稳段
2019/pressures:n215,2019-01-19 13:30:00,2019-01-19 14:30:00,13,1.1,39.09,短时平稳段
2019/pressures:n215,2019-04-15 01:30:00,2019-04-15 02:30:00,13,1.1,39.1,短时平稳段
2019/pressures:n215,2019-04-10 20:45:00,2019-04-10 21:45:00,13,1.1,39.09,短时平稳段
2019/levels:T1,2019-07-13 12:25:00,2019-07-13 13:25:00,13,1.1,2.42,短时平稳段
2019/levels:T1,2019-07-13 10:45:00,2019-07-13 11:45:00,13,1.1,2.4,短时平稳段
2019/levels:T1,2019-07-12 08:50:00,2019-07-12 09:50:00,13,1.1,3.32,短时平稳段
2019/levels:T1,2019-07-10 18:35:00,2019-07-10 19:35:00,13,1.1,3.62,短时平稳段
2018/pressures:n215,2018-02-02 22:05:00,2018-02-02 23:05:00,13,1.1,39.09,短时平稳段
2018/pressures:n215,2018-02-01 11:35:00,2018-02-01 12:35:00,13,1.1,39.09,短时平稳段
2019/pressures:n215,2019-04-21 23:35:00,2019-04-22 00:35:00,13,1.1,39.09,短时平稳段
2018/pressures:n215,2018-01-07 07:45:00,2018-01-07 08:45:00,13,1.1,39.09,短时平稳段
2019/levels:T1,2019-08-29 02:15:00,2019-08-29 03:15:00,13,1.1,2.73,短时平稳段
2018/pressures:n215,2018-04-21 06:40:00,2018-04-21 07:40:00,13,1.1,39.1,短时平稳段
2018/pressures:n215,2018-04-15 01:30:00,2018-04-15 02:30:00,13,1.1,39.1,短时平稳段
2019/pressures:n215,2019-01-25 08:15:00,2019-01-25 09:15:00,13,1.1,39.09,短时平稳段
2019/levels:T1,2019-08-23 20:00:00,2019-08-23 21:00:00,13,1.1,3.15,短时平稳段
2019/pressures:n215,2019-03-26 21:25:00,2019-03-26 22:25:00,13,1.1,39.09,短时平稳段
2019/pressures:n215,2019-03-21 22:35:00,2019-03-21 23:35:00,13,1.1,39.09,短时平稳段
2019/levels:T1,2019-07-22 10:55:00,2019-07-22 11:55:00,13,1.1,3.57,短时平稳段
2019/levels:T1,2019-07-17 12:30:00,2019-07-17 13:30:00,13,1.1,2.42,短时平稳段
2019/pressures:n215,2019-04-07 11:10:00,2019-04-07 12:10:00,13,1.1,39.09,短时平稳段
2018/pressures:n215,2018-02-14 09:30:00,2018-02-14 10:30:00,13,1.1,39.09,短时平稳段
2018/pressures:n215,2018-02-13 17:00:00,2018-02-13 18:00:00,13,1.1,39.09,短时平稳段
2018/pressures:n215,2018-02-08 20:35:00,2018-02-08 21:35:00,13,1.1,39.09,短时平稳段
2018/pressures:n215,2018-02-06 18:35:00,2018-02-06 19:35:00,13,1.1,39.09,短时平稳段
2019/levels:T1,2019-08-21 19:05:00,2019-08-21 20:05:00,13,1.1,2.4,短时平稳段
2019/levels:T1,2019-08-19 21:20:00,2019-08-19 22:20:00,13,1.1,3.47,短时平稳段
2018/pressures:n215,2018-04-07 11:10:00,2018-04-07 12:10:00,13,1.1,39.09,短时平稳段
2019/pressures:n215,2019-01-30 12:45:00,2019-01-30 13:45:00,13,1.1,39.09,短时平稳段
2019/pressures:n215,2019-01-27 15:35:00,2019-01-27 16:35:00,13,1.1,39.09,短时平稳段
2019/pressures:n215,2019-01-26 20:40:00,2019-01-26 21:40:00,13,1.1,39.09,短时平稳段
2018/pressures:n215,2018-04-21 23:35:00,2018-04-22 00:35:00,13,1.1,39.09,短时平稳段
2019/pressures:n215,2019-02-04 14:55:00,2019-02-04 15:55:00,13,1.1,39.09,短时平稳段
2019/pressures:n215,2019-02-02 22:05:00,2019-02-02 23:05:00,13,1.1,39.09,短时平稳段
2019/pressures:n215,2019-02-01 11:35:00,2019-02-01 12:35:00,13,1.1,39.09,短时平稳段
2019/pressures:n215,2019-03-11 08:10:00,2019-03-11 09:10:00,13,1.1,39.09,短时平稳段
2019/levels:T1,2019-07-29 04:10:00,2019-07-29 05:10:00,13,1.1,3.13,短时平稳段
2019/levels:T1,2019-07-26 19:20:00,2019-07-26 20:20:00,13,1.1,2.53,短时平稳段
2019/levels:T1,2019-07-26 15:05:00,2019-07-26 16:05:00,13,1.1,2.43,短时平稳段
2019/levels:T1,2019-07-24 10:30:00,2019-07-24 11:30:00,13,1.1,3.25,短时平稳段
2018/pressures:n215,2018-02-17 08:10:00,2018-02-17 09:10:00,13,1.1,39.1,短时平稳段
2018/pressures:n215,2018-02-16 17:25:00,2018-02-16 18:25:00,13,1.1,39.09,短时平稳段
2019/pressures:n215,2019-03-21 07:40:00,2019-03-21 08:40:00,13,1.1,39.09,短时平稳段
2019/pressures:n215,2019-03-27 16:00:00,2019-03-27 17:00:00,13,1.1,39.09,短时平稳段
2019/pressures:n215,2019-01-30 20:25:00,2019-01-30 21:25:00,13,1.1,39.09,短时平稳段
2018/pressures:n215,2018-04-10 20:45:00,2018-04-10 21:45:00,13,1.1,39.09,短时平稳段
2019/levels:T1,2019-08-15 06:10:00,2019-08-15 07:10:00,13,1.1,3.05,短时平稳段
2018/pressures:n215,2018-03-27 16:00:00,2018-03-27 17:00:00,13,1.1,39.09,短时平稳段
2018/pressures:n215,2018-03-26 21:25:00,2018-03-26 22:25:00,13,1.1,39.09,短时平稳段
2019/pressures:n215,2019-02-06 18:35:00,2019-02-06 19:35:00,13,1.1,39.09,短时平稳段
2019/pressures:n215,2019-02-05 18:20:00,2019-02-05 19:20:00,13,1.1,39.09,短时平稳段
2019/pressures:n215,2019-02-05 13:50:00,2019-02-05 14:50:00,13,1.1,39.09,短时平稳段
2019/pressures:n215,2019-02-04 17:30:00,2019-02-04 18:30:00,13,1.1,39.09,短时平稳段
2019/pressures:n215,2019-02-13 17:00:00,2019-02-13 18:00:00,13,1.1,39.09,短时平稳段
2019/levels:T1,2019-08-02 14:40:00,2019-08-02 15:40:00,13,1.1,2.33,短时平稳段
2019/levels:T1,2019-07-31 07:15:00,2019-07-31 08:15:00,13,1.1,2.64,短时平稳段
2018/pressures:n215,2018-03-03 00:15:00,2018-03-03 01:15:00,13,1.1,39.09,短时平稳段
2018/pressures:n215,2018-02-28 23:10:00,2018-03-01 00:10:00,13,1.1,39.09,短时平稳段
2019/pressures:n215,2019-03-03 00:15:00,2019-03-03 01:15:00,13,1.1,39.09,短时平稳段
2019/pressures:n215,2019-02-28 23:10:00,2019-03-01 00:10:00,13,1.1,39.09,短时平稳段
2019/pressures:n215,2019-03-13 19:55:00,2019-03-13 20:55:00,13,1.1,39.09,短时平稳段
2019/pressures:n215,2019-02-09 15:05:00,2019-02-09 16:05:00,13,1.1,39.09,短时平稳段
2019/pressures:n215,2019-02-08 20:35:00,2019-02-08 21:35:00,13,1.1,39.09,短时平稳段
2019/levels:T1,2019-08-12 11:50:00,2019-08-12 12:50:00,13,1.1,3.14,短时平稳段
2019/levels:T1,2019-08-10 16:45:00,2019-08-10 17:45:00,13,1.1,3.41,短时平稳段
2019/pressures:n215,2019-02-17 08:10:00,2019-02-17 09:10:00,13,1.1,39.1,短时平稳段
2019/pressures:n215,2019-02-16 17:25:00,2019-02-16 18:25:00,13,1.1,39.09,短时平稳段
2019/pressures:n215,2019-02-14 09:30:00,2019-02-14 10:30:00,13,1.1,39.09,短时平稳段
2019/levels:T1,2019-12-26 11:50:00,2019-12-26 12:50:00,13,1.1,2.39,短时平稳段
2019/levels:T1,2019-12-11 10:10:00,2019-12-11 11:10:00,13,1.1,3.7,短时平稳段
2018/levels:T1,2018-07-31 17:55:00,2018-07-31 18:55:00,13,1.1,2.41,短时平稳段
2018/levels:T1,2018-07-29 21:10:00,2018-07-29 22:10:00,13,1.1,2.48,短时平稳段
2018/levels:T1,2018-07-29 16:50:00,2018-07-29 17:50:00,13,1.1,2.43,短时平稳段
2018/levels:T1,2018-07-28 09:20:00,2018-07-28 10:20:00,13,1.1,3.58,短时平稳段
2018/levels:T1,2018-08-05 11:40:00,2018-08-05 12:40:00,13,1.1,3.36,短时平稳段
2019/levels:T1,2019-11-16 14:55:00,2019-11-16 15:55:00,13,1.1,2.46,短时平稳段
2019/pressures:n215,2019-11-06 03:10:00,2019-11-06 04:10:00,13,1.1,39.08,短时平稳段
2019/pressures:n215,2019-11-05 01:55:00,2019-11-05 02:55:00,13,1.1,39.08,短时平稳段
2019/levels:T1,2019-12-09 13:05:00,2019-12-09 14:05:00,13,1.1,2.23,短时平稳段
2019/levels:T1,2019-12-06 13:50:00,2019-12-06 14:50:00,13,1.1,3.31,短时平稳段
2019/levels:T1,2019-12-06 10:45:00,2019-12-06 11:45:00,13,1.1,3.34,短时平稳段
2019/levels:T1,2019-11-30 12:30:00,2019-11-30 13:30:00,13,1.1,2.42,短时平稳段
2019/levels:T1,2019-12-24 10:20:00,2019-12-24 11:20:00,13,1.1,2.39,短时平稳段
2019/levels:T1,2019-12-24 09:15:00,2019-12-24 10:15:00,13,1.1,2.38,短时平稳段
2019/levels:T1,2019-12-21 03:50:00,2019-12-21 04:50:00,13,1.1,2.84,短时平稳段
2019/levels:T1,2019-12-17 07:55:00,2019-12-17 08:50:00,12,1.0,3.13,短时平稳段
2018/flows:PUMP_1,2018-11-28 01:55:00,2018-11-28 02:50:00,12,1.0,44.07,短时平稳段
2019/levels:T1,2019-11-28 06:15:00,2019-11-28 07:10:00,12,1.0,3.72,短时平稳段
2019/levels:T1,2019-11-29 19:30:00,2019-11-29 20:25:00,12,1.0,3.88,短时平稳段
2019/levels:T1,2019-12-03 06:25:00,2019-12-03 07:20:00,12,1.0,3.41,短时平稳段
2019/levels:T1,2019-12-03 16:40:00,2019-12-03 17:35:00,12,1.0,3.29,短时平稳段
2019/pressures:n215,2019-11-14 05:25:00,2019-11-14 06:20:00,12,1.0,39.08,短时平稳段
2018/levels:T1,2018-08-05 15:15:00,2018-08-05 16:10:00,12,1.0,3.35,短时平稳段
2018/levels:T1,2018-07-28 18:20:00,2018-07-28 19:15:00,12,1.0,3.73,短时平稳段
2018/levels:T1,2018-07-28 19:20:00,2018-07-28 20:15:00,12,1.0,3.74,短时平稳段
2019/levels:T1,2019-12-13 08:15:00,2019-12-13 09:10:00,12,1.0,3.21,短时平稳段
2019/levels:T1,2019-12-27 06:10:00,2019-12-27 07:05:00,12,1.0,3.34,短时平稳段
2018/levels:T1,2018-07-27 11:10:00,2018-07-27 12:05:00,12,1.0,2.6,短时平稳段
2019/levels:T1,2019-11-19 06:55:00,2019-11-19 07:50:00,12,1.0,3.21,短时平稳段
2019/levels:T1,2019-12-17 06:55:00,2019-12-17 07:50:00,12,1.0,3.12,短时平稳段
2019/levels:T1,2019-08-06 16:55:00,2019-08-06 17:50:00,12,1.0,2.12,短时平稳段
2019/levels:T1,2019-08-07 12:00:00,2019-08-07 12:55:00,12,1.0,2.56,短时平稳段
2018/pressures:n215,2018-03-04 16:05:00,2018-03-04 17:00:00,12,1.0,39.09,短时平稳段
2018/pressures:n215,2018-03-24 01:25:00,2018-03-24 02:20:00,12,1.0,39.09,短时平稳段
2019/levels:T1,2019-08-10 15:45:00,2019-08-10 16:40:00,12,1.0,3.4,短时平稳段
2019/levels:T1,2019-08-12 10:35:00,2019-08-12 11:30:00,12,1.0,3.15,短时平稳段
2019/levels:T1,2019-08-12 20:55:00,2019-08-12 21:50:00,12,1.0,3.27,短时平稳段
2019/pressures:n215,2019-02-09 09:25:00,2019-02-09 10:20:00,12,1.0,39.09,短时平稳段
2019/pressures:n215,2019-02-10 11:50:00,2019-02-10 12:45:00,12,1.0,39.09,短时平稳段
2019/pressures:n215,2019-03-12 21:20:00,2019-03-12 22:15:00,12,1.0,39.09,短时平稳段
2019/pressures:n215,2019-03-17 03:35:00,2019-03-17 04:30:00,12,1.0,39.1,短时平稳段
2019/pressures:n215,2019-03-04 16:05:00,2019-03-04 17:00:00,12,1.0,39.09,短时平稳段
2018/pressures:n215,2018-02-24 13:50:00,2018-02-24 14:45:00,12,1.0,39.09,短时平稳段
2018/pressures:n215,2018-02-26 08:10:00,2018-02-26 09:05:00,12,1.0,39.09,短时平稳段
2019/pressures:n215,2019-02-22 19:00:00,2019-02-22 19:55:00,12,1.0,39.09,短时平稳段
2019/pressures:n215,2019-02-24 13:50:00,2019-02-24 14:45:00,12,1.0,39.09,短时平稳段
2019/pressures:n215,2019-02-26 08:10:00,2019-02-26 09:05:00,12,1.0,39.09,短时平稳段
2018/pressures:n215,2018-03-25 17:45:00,2018-03-25 18:40:00,12,1.0,39.09,短时平稳段
2019/pressures:n215,2019-02-10 22:10:00,2019-02-10 23:05:00,12,1.0,39.09,短时平稳段
2019/pressures:n215,2019-02-11 13:10:00,2019-02-11 14:05:00,12,1.0,39.09,短时平稳段
2019/pressures:n215,2019-02-06 23:10:00,2019-02-07 00:05:00,12,1.0,39.09,短时平稳段
2019/levels:T1,2019-08-18 03:05:00,2019-08-18 04:00:00,12,1.0,3.62,短时平稳段
2018/pressures:n215,2018-04-11 21:45:00,2018-04-11 22:40:00,12,1.0,39.09,短时平稳段
2019/pressures:n215,2019-01-31 15:50:00,2019-01-31 16:45:00,12,1.0,39.09,短时平稳段
2018/pressures:n215,2018-02-10 11:50:00,2018-02-10 12:45:00,12,1.0,39.09,短时平稳段
2018/pressures:n215,2018-02-10 22:10:00,2018-02-10 23:05:00,12,1.0,39.09,短时平稳段
2018/pressures:n215,2018-02-11 13:10:00,2018-02-11 14:05:00,12,1.0,39.09,短时平稳段
2019/pressures:n215,2019-03-20 07:15:00,2019-03-20 08:10:00,12,1.0,39.09,短时平稳段
2018/pressures:n215,2018-02-22 19:00:00,2018-02-22 19:55:00,12,1.0,39.09,短时平稳段
2019/pressures:n215,2019-03-07 22:20:00,2019-03-07 23:15:00,12,1.0,39.09,短时平稳段
2019/pressures:n215,2019-03-10 14:50:00,2019-03-10 15:45:00,12,1.0,39.09,短时平稳段
2019/pressures:n215,2019-02-02 19:10:00,2019-02-02 20:05:00,12,1.0,39.09,短时平稳段
2019/pressures:n215,2019-01-25 21:45:00,2019-01-25 22:40:00,12,1.0,39.09,短时平稳段
2019/pressures:n215,2019-01-28 19:45:00,2019-01-28 20:40:00,12,1.0,39.09,短时平稳段
2018/pressures:n215,2018-04-07 15:15:00,2018-04-07 16:10:00,12,1.0,39.09,短时平稳段
2019/levels:T1,2019-08-19 11:25:00,2019-08-19 12:20:00,12,1.0,3.31,短时平稳段
2019/levels:T1,2019-08-23 16:20:00,2019-08-23 17:15:00,12,1.0,3.14,短时平稳段
2018/pressures:n215,2018-02-06 23:10:00,2018-02-07 00:05:00,12,1.0,39.09,短时平稳段
2019/pressures:n215,2019-04-07 15:15:00,2019-04-07 16:10:00,12,1.0,39.09,短时平稳段
2019/levels:T1,2019-07-16 10:40:00,2019-07-16 11:35:00,12,1.0,3.38,短时平稳段
2019/levels:T1,2019-07-18 04:05:00,2019-07-18 05:00:00,12,1.0,3.11,短时平稳段
2019/levels:T1,2019-07-20 02:25:00,2019-07-20 03:20:00,12,1.0,2.54,短时平稳段
2019/pressures:n215,2019-03-24 01:25:00,2019-03-24 02:20:00,12,1.0,39.09,短时平稳段
2019/pressures:n215,2019-03-25 17:45:00,2019-03-25 18:40:00,12,1.0,39.09,短时平稳段
2019/levels:T1,2019-08-24 13:10:00,2019-08-24 14:05:00,12,1.0,3.82,短时平稳段
2019/pressures:n215,2019-01-22 17:40:00,2019-01-22 18:35:00,12,1.0,39.09,短时平稳段
2019/pressures:n215,2019-01-25 14:10:00,2019-01-25 15:05:00,12,1.0,39.09,短时平稳段
2018/pressures:n215,2018-04-20 10:35:00,2018-04-20 11:30:00,12,1.0,39.08,短时平稳段
2019/levels:T1,2019-08-24 18:55:00,2019-08-24 19:50:00,12,1.0,3.86,短时平稳段
2019/levels:T1,2019-08-26 13:05:00,2019-08-26 14:00:00,12,1.0,3.52,短时平稳段
2019/levels:T1,2019-08-27 16:45:00,2019-08-27 17:40:00,12,1.0,2.33,短时平稳段
2019/levels:T1,2019-08-28 15:10:00,2019-08-28 16:05:00,12,1.0,2.46,短时平稳段
2019/levels:T1,2019-08-28 17:25:00,2019-08-28 18:20:00,12,1.0,2.49,短时平稳段
2018/pressures:n215,2018-01-05 12:45:00,2018-01-05 13:40:00,12,1.0,39.09,短时平稳段
2018/pressures:n215,2018-02-02 19:10:00,2018-02-02 20:05:00,12,1.0,39.09,短时平稳段
2019/levels:T1,2019-07-06 11:10:00,2019-07-06 12:05:00,12,1.0,3.62,短时平稳段
2019/levels:T1,2019-07-09 09:05:00,2019-07-09 10:00:00,12,1.0,2.39,短时平稳段
2019/levels:T1,2019-07-10 12:00:00,2019-07-10 12:55:00,12,1.0,3.45,短时平稳段
2019/levels:T1,2019-07-12 06:25:00,2019-07-12 07:20:00,12,1.0,3.35,短时平稳段
2019/levels:T1,2019-07-15 07:10:00,2019-07-15 08:05:00,12,1.0,2.99,短时平稳段
2019/pressures:n215,2019-04-11 21:45:00,2019-04-11 22:40:00,12,1.0,39.09,短时平稳段
2018/pressures:n215,2018-01-11 08:05:00,2018-01-11 09:00:00,12,1.0,39.09,短时平稳段
2019/pressures:n215,2019-01-19 12:05:00,2019-01-19 13:00:00,12,1.0,39.09,短时平稳段
2019/pressures:n215,2019-01-19 14:40:00,2019-01-19 15:35:00,12,1.0,39.09,短时平稳段
2019/pressures:n215,2019-01-20 03:35:00,2019-01-20 04:30:00,12,1.0,39.1,短时平稳段
2019/pressures:n215,2019-01-20 10:00:00,2019-01-20 10:55:00,12,1.0,39.09,短时平稳段
2019/pressures:n215,2019-01-21 08:30:00,2019-01-21 09:25:00,12,1.0,39.09,短时平稳段
2019/levels:T1,2019-08-31 17:35:00,2019-08-31 18:30:00,12,1.0,2.44,短时平稳段
2019/levels:T1,2019-09-01 08:15:00,2019-09-01 09:10:00,12,1.0,3.13,短时平稳段
2019/levels:T1,2019-09-02 11:20:00,2019-09-02 12:15:00,12,1.0,3.66,短时平稳段
2018/pressures:n215,2018-04-30 07:15:00,2018-04-30 08:10:00,12,1.0,39.09,短时平稳段
2019/pressures:n215,2019-01-11 08:05:00,2019-01-11 09:00:00,12,1.0,39.09,短时平稳段
2019/levels:T1,2019-06-20 11:25:00,2019-06-20 12:20:00,12,1.0,3.59,短时平稳段
2019/pressures:n215,2019-04-27 06:35:00,2019-04-27 07:30:00,12,1.0,39.1,短时平稳段
2019/pressures:n215,2019-04-30 07:15:00,2019-04-30 08:10:00,12,1.0,39.09,短时平稳段
2019/levels:T1,2019-06-28 11:00:00,2019-06-28 11:55:00,12,1.0,2.39,短时平稳段
2019/levels:T1,2019-07-02 13:05:00,2019-07-02 14:00:00,12,1.0,3.74,短时平稳段
2018/pressures:n215,2018-02-09 09:25:00,2018-02-09 10:20:00,12,1.0,39.09,短时平稳段
2019/pressures:n215,2019-04-20 10:35:00,2019-04-20 11:30:00,12,1.0,39.08,短时平稳段
2019/pressures:n215,2019-01-14 15:45:00,2019-01-14 16:40:00,12,1.0,39.09,短时平稳段
2018/pressures:n215,2018-05-07 06:55:00,2018-05-07 07:50:00,12,1.0,39.09,短时平稳段
2019/pressures:n215,2019-01-03 08:00:00,2019-01-03 08:55:00,12,1.0,39.09,短时平稳段
2019/pressures:n215,2019-01-05 07:00:00,2019-01-05 07:55:00,12,1.0,39.1,短时平稳段
2019/pressures:n215,2019-01-05 12:45:00,2019-01-05 13:40:00,12,1.0,39.09,短时平稳段
2018/pressures:n215,2018-04-27 06:35:00,2018-04-27 07:30:00,12,1.0,39.1,短时平稳段
2019/levels:T1,2019-09-05 19:40:00,2019-09-05 20:35:00,12,1.0,3.36,短时平稳段
2019/levels:T1,2019-09-07 08:20:00,2019-09-07 09:15:00,12,1.0,3.11,短时平稳段
2018/pressures:n215,2018-06-02 09:30:00,2018-06-02 10:25:00,12,1.0,39.09,短时平稳段
2018/pressures:n215,2018-05-17 00:30:00,2018-05-17 01:25:00,12,1.0,39.09,短时平稳段
2018/pressures:n215,2018-05-19 08:35:00,2018-05-19 09:30:00,12,1.0,39.09,短时平稳段
2018/pressures:n215,2018-06-23 22:00:00,2018-06-23 22:55:00,12,1.0,39.09,短时平稳段
2018/pressures:n215,2018-05-27 00:00:00,2018-05-27 00:55:00,12,1.0,39.09,短时平稳段
2018/pressures:n215,2018-06-01 02:00:00,2018-06-01 02:55:00,12,1.0,39.09,短时平稳段
2019/levels:T1,2019-09-11 21:10:00,2019-09-11 22:05:00,12,1.0,3.48,短时平稳段
2019/levels:T1,2019-09-14 11:20:00,2019-09-14 12:15:00,12,1.0,3.32,短时平稳段
2019/levels:T1,2019-09-14 16:10:00,2019-09-14 17:05:00,12,1.0,3.37,短时平稳段
2019/levels:T1,2019-09-16 06:40:00,2019-09-16 07:35:00,12,1.0,3.21,短时平稳段
2019/levels:T1,2019-09-18 10:30:00,2019-09-18 11:25:00,12,1.0,3.0,短时平稳段
2018/pressures:n215,2018-01-31 15:50:00,2018-01-31 16:45:00,12,1.0,39.09,短时平稳段
2019/pressures:n215,2019-05-17 00:30:00,2019-05-17 01:25:00,12,1.0,39.09,短时平稳段
2019/pressures:n215,2019-05-19 08:35:00,2019-05-19 09:30:00,12,1.0,39.09,短时平稳段
2019/pressures:n215,2019-05-27 00:00:00,2019-05-27 00:55:00,12,1.0,39.09,短时平稳段
2018/pressures:n215,2018-01-22 17:40:00,2018-01-22 18:35:00,12,1.0,39.09,短时平稳段
2019/pressures:n215,2019-05-07 06:55:00,2019-05-07 07:50:00,12,1.0,39.09,短时平稳段
2018/pressures:n215,2018-01-28 19:45:00,2018-01-28 20:40:00,12,1.0,39.09,短时平稳段
2019/levels:T1,2019-06-07 12:20:00,2019-06-07 13:15:00,12,1.0,2.41,短时平稳段
2019/levels:T1,2019-06-14 11:45:00,2019-06-14 12:40:00,12,1.0,3.78,短时平稳段
2018/pressures:n215,2018-07-27 05:35:00,2018-07-27 06:30:00,12,1.0,39.1,短时平稳段
2018/pressures:n215,2018-07-05 06:55:00,2018-07-05 07:50:00,12,1.0,39.09,短时平稳段
2018/pressures:n215,2018-07-06 04:10:00,2018-07-06 05:05:00,12,1.0,39.1,短时平稳段
2018/pressures:n215,2018-07-08 23:30:00,2018-07-09 00:25:00,12,1.0,39.09,短时平稳段
2018/pressures:n215,2018-08-08 01:35:00,2018-08-08 02:30:00,12,1.0,39.1,短时平稳段
2019/levels:T1,2019-09-18 20:25:00,2019-09-18 21:20:00,12,1.0,3.07,短时平稳段
2019/levels:T1,2019-09-19 20:30:00,2019-09-19 21:25:00,12,1.0,3.19,短时平稳段
2019/levels:T1,2019-09-21 12:45:00,2019-09-21 13:40:00,12,1.0,2.42,短时平稳段
2018/pressures:n215,2018-01-25 21:45:00,2018-01-25 22:40:00,12,1.0,39.09,短时平稳段
2019/pressures:n215,2019-06-01 02:00:00,2019-06-01 02:55:00,12,1.0,39.09,短时平稳段
2019/pressures:n215,2019-06-02 09:30:00,2019-06-02 10:25:00,12,1.0,39.09,短时平稳段
2018/pressures:n215,2018-01-19 12:05:00,2018-01-19 13:00:00,12,1.0,39.09,短时平稳段
2018/pressures:n215,2018-01-19 14:40:00,2018-01-19 15:35:00,12,1.0,39.09,短时平稳段
2019/levels:T1,2019-06-01 12:40:00,2019-06-01 13:35:00,12,1.0,3.0,短时平稳段
2019/levels:T1,2019-06-04 10:55:00,2019-06-04 11:50:00,12,1.0,3.6,短时平稳段
2018/pressures:n215,2018-09-21 06:20:00,2018-09-21 07:15:00,12,1.0,39.1,短时平稳段
2018/pressures:n215,2018-09-26 00:20:00,2018-09-26 01:15:00,12,1.0,39.09,短时平稳段
2018/pressures:n215,2018-09-29 02:50:00,2018-09-29 03:45:00,12,1.0,39.09,短时平稳段
2018/pressures:n215,2018-09-15 07:40:00,2018-09-15 08:35:00,12,1.0,39.09,短时平稳段
2019/levels:T1,2019-09-22 14:25:00,2019-09-22 15:20:00,12,1.0,3.25,短时平稳段
2018/pressures:n215,2018-10-22 07:15:00,2018-10-22 08:10:00,12,1.0,39.09,短时平稳段
2018/pressures:n215,2018-10-27 08:40:00,2018-10-27 09:35:00,12,1.0,39.09,短时平稳段
2019/pressures:n215,2019-07-23 00:15:00,2019-07-23 01:10:00,12,1.0,39.07,短时平稳段
2019/pressures:n215,2019-07-25 02:45:00,2019-07-25 03:40:00,12,1.0,39.08,短时平稳段
2019/pressures:n215,2019-07-26 01:35:00,2019-07-26 02:30:00,12,1.0,39.08,短时平稳段
2018/pressures:n215,2018-01-14 15:45:00,2018-01-14 16:40:00,12,1.0,39.09,短时平稳段
2019/pressures:n215,2019-06-23 22:00:00,2019-06-23 22:55:00,12,1.0,39.09,短时平稳段
2019/pressures:n215,2019-07-05 06:55:00,2019-07-05 07:50:00,12,1.0,39.09,短时平稳段
2018/pressures:n215,2018-01-20 03:35:00,2018-01-20 04:30:00,12,1.0,39.1,短时平稳段
2018/pressures:n215,2018-01-20 10:00:00,2018-01-20 10:55:00,12,1.0,39.09,短时平稳段
2018/pressures:n215,2018-01-21 08:30:00,2018-01-21 09:25:00,12,1.0,39.09,短时平稳段
2019/levels:T1,2019-05-01 07:35:00,2019-05-01 08:30:00,12,1.0,3.44,短时平稳段
2019/levels:T1,2019-05-22 09:15:00,2019-05-22 10:10:00,12,1.0,2.78,短时平稳段
2018/pressures:n215,2018-01-25 14:10:00,2018-01-25 15:05:00,12,1.0,39.09,短时平稳段
2018/pressures:n215,2018-11-29 11:35:00,2018-11-29 12:30:00,12,1.0,39.08,短时平稳段
2018/pressures:n215,2018-11-13 01:25:00,2018-11-13 02:20:00,12,1.0,39.1,短时平稳段
2018/pressures:n215,2018-11-19 06:55:00,2018-11-19 07:50:00,12,1.0,39.09,短时平稳段
2018/pressures:n215,2018-10-29 12:45:00,2018-10-29 13:40:00,12,1.0,39.08,短时平稳段
2018/pressures:n215,2018-11-04 00:20:00,2018-11-04 01:15:00,12,1.0,39.09,短时平稳段
2019/levels:T1,2019-10-01 19:20:00,2019-10-01 20:15:00,12,1.0,3.65,短时平稳段
2019/levels:T1,2019-10-02 20:50:00,2019-10-02 21:45:00,12,1.0,2.47,短时平稳段
2019/pressures:n215,2019-08-19 06:05:00,2019-08-19 07:00:00,12,1.0,39.08,短时平稳段
2019/levels:T1,2019-03-22 09:40:00,2019-03-22 10:35:00,12,1.0,3.02,短时平稳段
2019/levels:T1,2019-04-11 11:10:00,2019-04-11 12:05:00,12,1.0,2.29,短时平稳段
2019/levels:T1,2019-04-18 11:20:00,2019-04-18 12:15:00,12,1.0,3.33,短时平稳段
2019/pressures:n215,2019-07-06 04:10:00,2019-07-06 05:05:00,12,1.0,39.1,短时平稳段
2019/pressures:n215,2019-07-08 23:30:00,2019-07-09 00:25:00,12,1.0,39.09,短时平稳段
2019/pressures:n215,2019-07-11 02:40:00,2019-07-11 03:35:00,12,1.0,39.08,短时平稳段
2019/pressures:n215,2019-07-14 07:30:00,2019-07-14 08:25:00,12,1.0,39.07,短时平稳段
2019/pressures:n215,2019-07-15 04:15:00,2019-07-15 05:10:00,12,1.0,39.08,短时平稳段
2018/pressures:n215,2018-11-30 01:20:00,2018-11-30 02:15:00,12,1.0,39.09,短时平稳段
2018/pressures:n215,2018-12-08 13:00:00,2018-12-08 13:55:00,12,1.0,39.09,短时平稳段
2018/pressures:n215,2018-11-21 18:25:00,2018-11-21 19:20:00,12,1.0,39.08,短时平稳段
2018/pressures:n215,2018-11-24 01:15:00,2018-11-24 02:10:00,12,1.0,39.09,短时平稳段
2018/pressures:n215,2018-12-11 15:35:00,2018-12-11 16:30:00,12,1.0,39.09,短时平稳段
2018/pressures:n215,2018-12-14 00:40:00,2018-12-14 01:35:00,12,1.0,39.09,短时平稳段
2018/pressures:n215,2018-12-15 03:25:00,2018-12-15 04:20:00,12,1.0,39.1,短时平稳段
2019/levels:T1,2019-10-04 17:35:00,2019-10-04 18:30:00,12,1.0,3.13,短时平稳段
2018/pressures:n215,2018-12-23 07:35:00,2018-12-23 08:30:00,12,1.0,39.09,短时平稳段
2018/pressures:n215,2018-12-27 20:20:00,2018-12-27 21:15:00,12,1.0,39.09,短时平稳段
2018/pressures:n215,2018-12-18 07:30:00,2018-12-18 08:25:00,12,1.0,39.09,短时平稳段
2018/pressures:n215,2018-12-18 19:20:00,2018-12-18 20:15:00,12,1.0,39.09,短时平稳段
2019/levels:T1,2019-10-14 04:45:00,2019-10-14 05:40:00,12,1.0,3.23,短时平稳段
2019/levels:T1,2019-10-15 16:45:00,2019-10-15 17:40:00,12,1.0,2.22,短时平稳段
2019/levels:T1,2019-10-16 18:45:00,2019-10-16 19:40:00,12,1.0,2.91,短时平稳段
2019/levels:T1,2019-10-17 10:40:00,2019-10-17 11:35:00,12,1.0,3.57,短时平稳段
2019/levels:T1,2019-10-17 13:35:00,2019-10-17 14:30:00,12,1.0,3.55,短时平稳段
2019/levels:T1,2019-10-18 19:45:00,2019-10-18 20:40:00,12,1.0,2.42,短时平稳段
2019/pressures:n215,2019-08-20 01:20:00,2019-08-20 02:15:00,12,1.0,39.08,短时平稳段
2019/pressures:n215,2019-08-24 03:35:00,2019-08-24 04:30:00,12,1.0,39.08,短时平稳段
2019/pressures:n215,2019-08-27 01:25:00,2019-08-27 02:20:00,12,1.0,39.08,短时平稳段
2019/pressures:n215,2019-08-29 10:50:00,2019-08-29 11:45:00,12,1.0,39.05,短时平稳段
2019/pressures:n215,2019-09-01 12:55:00,2019-09-01 13:50:00,12,1.0,39.06,短时平稳段
2019/pressures:n740,2019-03-22 03:55:00,2019-03-22 04:50:00,12,1.0,43.91,短时平稳段
2019/pressures:n740,2019-04-04 04:10:00,2019-04-04 05:05:00,12,1.0,43.88,短时平稳段
2019/levels:T1,2019-03-22 06:30:00,2019-03-22 07:25:00,12,1.0,3.02,短时平稳段
2019/pressures:n215,2019-08-01 02:20:00,2019-08-01 03:15:00,12,1.0,39.08,短时平稳段
2019/pressures:n215,2019-08-02 03:45:00,2019-08-02 04:40:00,12,1.0,39.08,短时平稳段
2019/pressures:n215,2019-08-06 05:50:00,2019-08-06 06:45:00,12,1.0,39.08,短时平稳段
2019/pressures:n215,2019-08-08 01:35:00,2019-08-08 02:30:00,12,1.0,39.08,短时平稳段
2019/pressures:n215,2019-08-09 05:40:00,2019-08-09 06:35:00,12,1.0,39.08,短时平稳段
2018/pressures:n215,2018-12-29 21:20:00,2018-12-29 22:15:00,12,1.0,39.09,短时平稳段
2018/pressures:n215,2018-12-30 17:45:00,2018-12-30 18:40:00,12,1.0,39.09,短时平稳段
2018/pressures:n495,2018-01-22 03:55:00,2018-01-22 04:50:00,12,1.0,52.01,短时平稳段
2019/flows:PUMP_1,2019-02-21 01:50:00,2019-02-21 02:45:00,12,1.0,44.14,短时平稳段
2018/pressures:n740,2018-01-03 03:05:00,2018-01-03 04:00:00,12,1.0,43.99,短时平稳段
2018/pressures:n740,2018-01-07 03:55:00,2018-01-07 04:50:00,12,1.0,43.95,短时平稳段
2018/pressures:n740,2018-01-19 05:00:00,2018-01-19 05:55:00,12,1.0,43.98,短时平稳段
2019/levels:T1,2019-10-21 11:45:00,2019-10-21 12:40:00,12,1.0,3.45,短时平稳段
2019/levels:T1,2019-10-23 10:55:00,2019-10-23 11:50:00,12,1.0,2.79,短时平稳段
2019/levels:T1,2019-10-23 11:55:00,2019-10-23 12:50:00,12,1.0,2.8,短时平稳段
2019/levels:T1,2019-10-28 09:40:00,2019-10-28 10:35:00,12,1.0,2.68,短时平稳段
2019/pressures:n215,2019-12-14 05:25:00,2019-12-14 06:20:00,12,1.0,39.08,短时平稳段
2019/pressures:n215,2019-09-18 02:50:00,2019-09-18 03:45:00,12,1.0,39.08,短时平稳段
2019/pressures:n215,2019-09-19 03:55:00,2019-09-19 04:50:00,12,1.0,39.08,短时平稳段
2019/pressures:n215,2019-12-22 06:25:00,2019-12-22 07:20:00,12,1.0,39.08,短时平稳段
2019/pressures:n740,2019-01-22 03:55:00,2019-01-22 04:50:00,12,1.0,43.96,短时平稳段
2019/pressures:n740,2019-02-02 04:35:00,2019-02-02 05:30:00,12,1.0,43.88,短时平稳段
2019/pressures:n740,2019-02-06 03:40:00,2019-02-06 04:35:00,12,1.0,43.9,短时平稳段
2019/pressures:n740,2019-02-18 03:15:00,2019-02-18 04:10:00,12,1.0,43.97,短时平稳段
2018/pressures:n215,2018-01-03 08:00:00,2018-01-03 08:55:00,12,1.0,39.09,短时平稳段
2019/flows:PUMP_1,2019-01-10 01:45:00,2019-01-10 02:40:00,12,1.0,44.07,短时平稳段
2018/pressures:n740,2018-02-12 04:25:00,2018-02-12 05:20:00,12,1.0,43.99,短时平稳段
2018/pressures:n740,2018-05-30 04:25:00,2018-05-30 05:20:00,12,1.0,43.96,短时平稳段
2018/pressures:n740,2018-06-25 04:15:00,2018-06-25 05:10:00,12,1.0,43.98,短时平稳段
2018/pressures:n740,2018-07-16 03:55:00,2018-07-16 04:50:00,12,1.0,43.98,短时平稳段
2018/levels:T1,2018-06-25 12:30:00,2018-06-25 13:25:00,12,1.0,2.41,短时平稳段
2018/pressures:n215,2018-01-05 07:00:00,2018-01-05 07:55:00,12,1.0,39.1,短时平稳段
2019/levels:T1,2019-10-29 16:50:00,2019-10-29 17:45:00,12,1.0,3.62,短时平稳段
2019/pressures:n215,2019-11-01 04:15:00,2019-11-01 05:10:00,12,1.0,39.08,短时平稳段
2019/pressures:n215,2019-11-04 05:25:00,2019-11-04 06:20:00,12,1.0,39.08,短时平稳段
2019/pressures:n215,2019-09-23 03:55:00,2019-09-23 04:50:00,12,1.0,39.08,短时平稳段
2019/pressures:n215,2019-10-10 02:35:00,2019-10-10 03:30:00,12,1.0,39.08,短时平稳段
2019/pressures:n215,2019-12-06 01:55:00,2019-12-06 02:50:00,12,1.0,39.08,短时平稳段
2019/pressures:n215,2019-12-07 06:20:00,2019-12-07 07:15:00,12,1.0,39.08,短时平稳段
2019/pressures:n215,2019-12-13 06:00:00,2019-12-13 06:55:00,12,1.0,39.08,短时平稳段
2018/levels:T1,2018-08-09 23:25:00,2018-08-10 00:20:00,12,1.0,2.36,短时平稳段
2018/levels:T1,2018-08-11 10:00:00,2018-08-11 10:55:00,12,1.0,2.41,短时平稳段
2018/levels:T1,2018-08-05 18:55:00,2018-08-05 19:50:00,12,1.0,3.36,短时平稳段
2018/levels:T1,2018-08-06 19:00:00,2018-08-06 19:55:00,12,1.0,2.83,短时平稳段
2018/levels:T1,2018-08-07 06:25:00,2018-08-07 07:20:00,12,1.0,2.99,短时平稳段
2018/levels:T1,2018-08-07 16:10:00,2018-08-07 17:05:00,12,1.0,2.76,短时平稳段
2018/levels:T1,2018-08-08 19:10:00,2018-08-08 20:05:00,12,1.0,2.65,短时平稳段
2019/levels:T1,2019-11-07 12:45:00,2019-11-07 13:40:00,12,1.0,2.96,短时平稳段
2019/levels:T1,2019-11-09 12:25:00,2019-11-09 13:20:00,12,1.0,2.41,短时平稳段
2019/levels:T1,2019-11-12 10:05:00,2019-11-12 11:00:00,12,1.0,3.28,短时平稳段
2019/levels:T1,2019-11-23 09:20:00,2019-11-23 10:15:00,12,1.0,3.22,短时平稳段
2019/levels:T1,2019-12-16 14:20:00,2019-12-16 15:15:00,12,1.0,2.38,短时平稳段
